Código do Termo (Tab 22 - TUSS);Termo (Tab 22 - TUSS)
40101010;ECG convencional de até 12 derivações
40101029;ECG de alta resolução
40101037;Teste ergométrico computadorizado (inclui ECG basal convencional)
40101045;Teste ergométrico convencional - 3 ou mais derivações simultâneas (inclui ECG basal convencional)
40101053;Variabilidade da frequência cardíaca
40101061;Ergoespirometria ou teste cardiopulmonar de exercício completo (espirometria forçada, consumo de O2, produção de CO2 e derivados, ECG, oximetria)
40102017;Bilimetria gástrica ou esofágica de 24 horas
40102025;Manometria computadorizada anorretal
40102033;Manometria computadorizada anorretal para biofeedback - 1ª sessão
40102041;Manometria computadorizada anorretal para biofeedback - demais sessões
40102050;Manometria esofágica computadorizada com teste provocativo
40102068;Manometria esofágica computadorizada sem teste provocativo
40102076;Manometria esofágica para localização dos esfíncteres pré-pH-metria
40102084;pH-metria esofágica computadorizada com um canal
40102092;pH-metria esofágica computadorizada com dois canais
40102106;pH-metria esofágica computadorizada com três canais
40102114;Impedâncio pH-metria esofágica
40102122;pH-metria gástrica de 24 horas com quatro canais
40102130;pH-metria esofágica de 24 horas com quatro canais
40102149;Manometria Biliar
40103013;Análise computadorizada da voz
40103021;Análise computadorizada de papila e/ou fibras nervosas - monocular (GDX)
40103030;Análise computadorizada do segmento anterior - monocular
40103048;Audiometria (tipo Von Bekesy)
40103056;Potencial evocado auditivo Steady State (ASSR)
40103064;Audiometria de tronco cerebral (PEA) BERA
40103072;Audiometria tonal limiar com testes de discriminação
40103080;Audiometria tonal limiar infantil condicionada (qualquer técnica) - Peep-show
40103099;Audiometria vocal - pesquisa de limiar de discriminação
40103102;Audiometria vocal - pesquisa de limiar de inteligibilidade
40103110;Audiometria vocal com mensagem competitiva (SSI, SSW)
40103137;Campimetria computadorizada - monocular
40103145;Variação de contingente negativo (PE/Tardio)
40103153;Craniocorporografia
40103161;Decay do reflexo estapédico
40103170;EEG de rotina
40103188;EEG intra-operatório para monitorização cirúrgica (EEG/IO) - por hora de monitorização
40103196;EEGQ quantitativo (mapeamento cerebral)
40103200;Eletrencefalograma especial: terapia intensiva, morte encefálica, EEG prolongado (até 2 horas)
40103234;Eletrencefalograma em vigília, e sono espontâneo ou induzido
40103242;Eletro-oculografia - monocular
40103250;Eletro-retinografia - monocular
40103269;Eletrococleografia (Ecochg)
40103277;Eletrocorticografia intra-operatória (ECOG) - por hora de monitorização
40103285;Eletroglotografia
40103307;Eletroneuromiografia (velocidade de condução) testes de estímulos para paralisia facial
40103315;Eletroneuromiografia de MMII
40103323;Eletroneuromiografia de MMSS
40103331;Eletroneuromiografia de MMSS e MMII
40103340;Eletroneuromiografia de segmento complementar
40103358;Eletroneuromiografia de segmento especial
40103366;Eletroneuromiografia genitoperineal
40103374;"EMG com registro de movimento involuntário (teste dinâmico de escrita; estudo funcional de tremores)"
40103382;EMG para monitoração de quimodenervação (por sessão)
40103390;EMG quantitativa ou EMG de fibra única
40103404;Espectrografia vocal
40103412;Gustometria
40103420;Imitanciometria de alta frequência
40103439;Impedanciometria - timpanometria
40103447;Método de Proetz (por sessão)
40103455;Otoemissões acústicas produto de distorção
40103463;Otoemissões evocadas transientes
40103471;Perimetria com scanning laser ophthalmoscope - monocular
40103480;Pesquisa de pares cranianos relacionados com o VIII PAR
40103498;Potencial evocado auditivo de tronco cerebral (PEA-TC)
40103501;Pesquisa do fenômeno de Tullio
40103510;Poligrafia de recém-nascido (maior ou igual 2 horas) (PG/RN)
40103528;Polissonografia de noite inteira (PSG) (inclui polissonogramas)
40103536;Polissonograma com EEG de noite inteira
40103544;Polissonograma com teste de CPAP/BIPAP nasal
40103552;Posturografia
40103560;Potencial evocado - P300
40103579;Potencial evocado auditivo de média latência (PEA-ML) bilateral
40103587;Potencial somato-sensitivo para localização funcional da área central (monitorização por hora) até 3 horas
40103595;Potencial evocado gênito-cortical (PEGC)
40103609;Potencial evocado motor - PEM (bilateral)
40103617;Potencial evocado somato-sensitivo - membros inferiores (PESS)
40103625;Potencial evocado somato-sensitivo - membros superiores (PESS)
40103633;Potencial evocado visual (PEV)
40103641;Provas de função tubária
40103650;Registro do nistagmo pendular e optocinético
40103668;Rinomanometria computadorizada
40103676;Rinometria acústica
40103684;Reflexo cutâneo-simpático
40103714;Teste de estimulação repetitiva (um ou mais músculos)
40103722;Teste de fístula perilinfática com eletronistagmografia
40103730;Teste de latências múltiplas de sono (TLMS) diurno pós PSG
40103749;Vectoeletronistagmografia - computadorizada
40103757;Vídeo-EEG contínua não invasiva - a cada 12 horas
40103765;Videonistagmografia infravermelha
40103781;Audiometria ocupacional ou de seleção
40103790;Audiometrias de altas frequências
40103803;Avaliação da função auditiva central
40103811;Eletrodiagnóstico
40103820;Pesquisa do nistagmo optocinético
40103838;Prova de Doerfler-Stewart
40103846;Prova de Stenger
40103854;Teste de Fowler
40103862;Eletroencefalograma com eletrodos especiais
40103870;Potencial evocado do nervo trigêmeo
40103889;Processamento auditivo central infantil (de 3 a 7 anos)
40103897;Processamento auditivo central (a partir dos 7 anos e adulto)
40103919;Vídeoeletroencefalograma contínua invasiva para avaliação de tratamento cirúrgico de epilepsia - a cada 12 horas
40103927;Teste de impulso cefálico ou vHIT (Vídeo Head Impulse Teste (Vídeo HT))
40104010;Avaliação muscular por dinamometria computadorizada (isocinética) - por articulação
40104028;Cronaximetria
40104036;Curva  I/T - medida de latência de nervo periférico
40104044;Ergotonometria músculo-esquelético (tetra, paraparesia e hemiparesia)
40104125;Sistema tridimensional de avaliação do movimento que inclui vídeo acoplado à plataforma da força e eletromiografia
40105016;Determinação das pressões respiratórias máximas
40105024;Determinação dos volumes pulmonares por diluição de gases
40105032;Determinação dos volumes pulmonares por pletismografia
40105040;Medida da difusão do monóxido de carbono
40105059;Medida de pico de fluxo expiratório
40105067;Medida seriada por 3 semanas do pico de fluxo expiratório
40105075;Prova de função pulmonar completa (ou espirometria)
40105083;Resistência das vias aéreas por oscilometria
40105091;Resistência das vias aéreas por pletismografia
40105105;Espirografia Simples - capacidade vital lenta
40105113;Regulação ventilatória - 1) medida de ventilação e do padrão ventilatório
40105121;Regulação ventilatória - 2) determinação da pressão de oclusão
40105130;Regulação ventilatória - 3) resposta a hipoxia e hipercapnia
40105148;Espirometria
40201015;Amnioscopia
40201023;Anuscopia (interna e externa)
40201031;Broncoscopia com biópsia transbrônquica
40201058;Broncoscopia com ou sem aspirado ou lavado brônquico bilateral
40201066;Cistoscopia e/ou uretroscopia
40201074;Colangiopancreatografia retrógrada endoscópica
40201082;Colonoscopia (inclui a retossigmoidoscopia)
40201090;Colonoscopia com magnificação
40201104;Ecoendoscopia alta
40201112;Ecoendoscopia baixa
40201120;Endoscopia digestiva alta
40201139;Endoscopia digestiva alta com magnificação
40201147;Enteroscopia (push enteroscopia)
40201155;Histeroscopia diagnóstica com biópsia
40201163;Laparoscopia
40201171;Retossigmoidoscopia flexível
40201180;Retossigmoidoscopia rígida
40201198;Vídeo-endoscopia do esfíncter velo-palatino com ótica flexível
40201201;Vídeo-endoscopia do esfíncter velo-palatino com ótica rígida
40201210;Vídeo-endoscopia naso-sinusal com ótica flexível
40201228;Vídeo-endoscopia naso-sinusal com ótica rígida
40201236;Vídeo-laringo-estroboscopia com endoscópio flexível
40201244;Vídeo-laringo-estroboscopia com endoscópio rígido
40201252;Vídeo-faringo-laringoscopia com endoscópio flexível
40201260;Vídeo-faringo-laringoscopia com endoscópio rígido
40201279;Ureteroscopia flexível unilateral
40201287;Ureteroscopia rígida unilateral
40201309;Avaliação endoscópica da deglutição (FEES)
40201317;Medida de pressão de varizes de esôfago endoscópica
40201325;Videoquimografia laríngea
40201333;Endoscopia digestiva alta com cromoscopia
40201341;Enteroscopia do intestino delgado com cápsula endoscópica
40201350;Colonoscopia com cromoscopia
40201368;Broncoscopia com cromoscopia
40201376;Aplicação de plasma de argônio por endoscopia digestiva alta
40201384;Aplicação de plasma de argônio por broncoscopia
40201392;Aplicação de plasma de argônio por colonoscopia
40201406;Aplicação de plasma de argônio por sigmoidoscopia
40202011;Aritenoidectomia microcirúrgica endoscópica
40202038;Endoscopia digestiva alta com biópsia e/ou citologia
40202046;Biópsias por laparoscopia
40202054;Broncoscopia com biópsia transbrônquica com acompanhamento radioscópico
40202062;Cecostomia
40202070;Cistoenterostomia com colocação de prótese ou dreno
40202089;Colagem de fístula por via endoscópica
40202097;Colocação de cânula sob orientação endoscópica
40202100;Colocação de cateter para braquiterapia endobrônquica
40202119;Colocação de prótese coledociana por via endoscópica
40202127;Colocação de prótese traqueal ou brônquica
40202135;Colonoscopia com magnificação e tatuagem
40202143;Descompressão colônica por colonoscopia
40202151;Desobstrução brônquica com laser ou eletrocautério
40202160;Desobstrução brônquica por broncoaspiração
40202178;Dilatação de estenose laringo-traqueo-brônquica
40202186;Dilatação instrumental do esôfago, estômago ou duodeno
40202194;Dilatação instrumental e injeção de substância medicamentosa por endoscopia
40202208;Diverticulotomia - aparelho digestivo
40202216;Drenagem cavitária por laparoscopia
40202224;Ecoendoscopia com cistoenterostomia
40202232;Ecoendoscopia com neurólise de plexo celíaco
40202240;Ecoendoscopia com punção por agulha
40202259;Esclerose ou hemostasia química de varizes ou outras patologias hemorrágicas de esôfago, estômago ou duodeno
40202267;Estenostomia endoscópica
40202283;Gastrostomia endoscópica
40202291;Hemostasia mecânica do esôfago, estômago ou duodeno
40202305;Hemostasia térmica do esôfago, estômago ou duodeno
40202313;Hemostasias de cólon
40202330;Injeção de substância medicamentosa por endoscopia
40202348;Introdução de prótese no esôfago
40202356;Jejunostomia endoscópica
40202364;Laringoscopia com microscopia para exérese de pólipo/nódulo/papiloma
40202372;Laringoscopia com retirada de corpo estranho de laringe/faringe (tubo flexível)
40202399;Laringoscopia/traqueoscopia com exérese de pólipo/nódulo/papiloma
40202410;Laringoscopia/traqueoscopia com retirada de corpo estranho (tubo rígido)
40202429;Laringoscopia/traqueoscopia para diagnóstico e biópsia (tubo rígido)
40202437;Laringoscopia/traqueoscopia para diagnóstico e biópsia com aparelho flexível
40202445;Laringoscopia/traqueoscopia para intubação oro ou nasotraqueal
40202453;Ligadura elástica do esôfago, estômago ou duodeno
40202470;Mucosectomia
40202488;Nasofibrolaringoscopia para dignóstico e/ou biópsia
40202496;Papilotomia biópsia e/ou citologia biliar e pancreática
40202500;Papilotomia e dilatação biliar ou pancreática
40202518;Papilotomia endoscópica (para retirada de cálculos coledocianos ou drenagem biliar)
40202526;Papilotomia, dilatação e colocação de prótese ou dreno biliar ou pancreático
40202534;Passagem de sonda naso-enteral
40202542;Polipectomia de cólon (independente do número de pólipos)
40202550;Polipectomia do esôfago, estômago ou duodeno (independente do número de pólipos)
40202569;Retirada de corpo estranho do cólon
40202577;Retirada de corpo estranho do esôfago, estômago ou duodeno
40202585;Retirada de corpo estranho no brônquio ou brônquico
40202593;Retirada de tumor ou papiloma por broncoscopia
40202607;Tamponamento de varizes do esôfago e estômago
40202615;Endoscopia digestiva alta com biópsia e teste de urease (pesquisa Helicobacter pylori)
40202623;Traqueostomia por punção percutânea
40202631;Tratamento endoscópico de hemoptise
40202640;Uretrotomia endoscópica
40202658;Colocação de balão intragástrico por via endoscópica para obesidade mórbida
40202666;Colonoscopia com biópsia e/ou citologia
40202674;Colonoscopia com dilatação segmentar
40202682;Retossigmoidoscopia flexível com polipectomia
40202690;Retossigmoidoscopia flexível com biópsia e/ou citologia
40202704;Colonoscopia com estenostomia
40202712;Colonoscopia com mucosectomia
40202720;Retossigmoidoscopia rígida com biópsia e/ou citologia
40202739;Retossigmoidoscopia rígida com polipectomia
40202747;Endoscopia digestiva alta com cromoscopia e biópsia e/ou citologia
40202755;Colonoscopia com tratamento de fístula
40202763;Laringoscopia/traqueoscopia com laser para exérese de papiloma/tumor
40202771;Retirada de balão intragástrico por via endoscópica
40202780;Biópsia endoscópica por órgão
40202798;Ecobroncoscopia com punção aspirativa com agulha fina
40202801;Colocação endoscópica de balão intragástrico de curta permanência (6 meses)
40202810;Colocação endoscópica de balão intragástrico de longa permanência (9 - 12 meses)
40202828;Calibração endoscópica de balão de longa permanência
40202836;Retirada endoscópica de balão intragástrico
40301010;3-metil histidina, pesquisa e/ou dosagem no soro
40301028;5-nucleotidase - pesquisa e/ou dosagem
40301036;Acetaminofen - pesquisa e/ou dosagem
40301044;Acetilcolinesterase, em eritrócitos - pesquisa e/ou dosagem
40301052;Acetona, pesquisa e/ou dosagem no soro
40301060;Ácido ascórbico (vitamina C) - pesquisa e/ou dosagem
40301079;Ácido beta hidroxi butírico - pesquisa e/ou dosagem
40301087;Ácido fólico, pesquisa e/ou dosagem nos eritrócitos
40301095;Ácido glioxílico - pesquisa e/ou dosagem
40301109;Ácido láctico (lactato) - pesquisa e/ou dosagem
40301117;Ácido orótico - pesquisa e/ou dosagem
40301125;Ácido oxálico - pesquisa e/ou dosagem
40301133;Ácido pirúvico - pesquisa e/ou dosagem
40301141;Ácido siálico - pesquisa e/ou dosagem
40301150;Ácido úrico - pesquisa e/ou dosagem
40301168;Ácido valpróico - pesquisa e/ou dosagem
40301176;Ácidos biliares - pesquisa e/ou dosagem
40301184;Ácidos graxos livres - pesquisa e/ou dosagem
40301192;Ácidos orgânicos (perfil quantitativo)
40301206;Acilcarnitinas (perfil qualitativo)
40301214;Acilcarnitinas (perfil quantitativo)
40301222;Albumina - pesquisa e/ou dosagem
40301230;Aldolase - pesquisa e/ou dosagem
40301249;Alfa-1-antitripsina, pesquisa e/ou dosagem no soro
40301257;Alfa-1-glicoproteína ácida - pesquisa e/ou dosagem
40301265;Alfa-2-macroglobulina - pesquisa e/ou dosagem
40301273;Alumínio, pesquisa e/ou dosagem no soro
40301281;Amilase - pesquisa e/ou dosagem
40301290;Aminoácidos, fracionamento e quantificação
40301303;Amiodarona - pesquisa e/ou dosagem
40301311;Amitriptilina, nortriptilina (cada) - pesquisa e/ou dosagem
40301320;Amônia - pesquisa e/ou dosagem
40301338;Anfetaminas, pesquisa e/ou dosagem
40301346;Antibióticos, pesquisa e/ou dosagem no soro, cada
40301354;Apolipoproteína A (Apo A) - pesquisa e/ou dosagem
40301362;Apolipoproteína B (Apo B) - pesquisa e/ou dosagem
40301370;Barbitúricos, antidepressivos tricíclicos (cada) - pesquisa e/ou dosagem
40301389;Beta-glicuronidase - pesquisa e/ou dosagem
40301397;Bilirrubinas (direta, indireta e total) - pesquisa e/ou dosagem
40301400;Cálcio - pesquisa e/ou dosagem
40301419;Cálcio iônico - pesquisa e/ou dosagem
40301427;Capacidade de fixação de ferro - pesquisa e/ou dosagem
40301435;Carbamazepina - pesquisa e/ou dosagem
40301443;Carnitina livre - pesquisa e/ou dosagem
40301451;Carnitina total e frações - pesquisa e/ou dosagem
40301460;Caroteno - pesquisa e/ou dosagem
40301478;Ceruloplasmina - pesquisa e/ou dosagem
40301486;Ciclosporina, methotrexate - cada - pesquisa e/ou dosagem
40301494;Clearance de ácido úrico
40301508;Clearance de creatinina
40301516;Clearance de fosfato
40301524;Clearance de uréia
40301532;Clearance osmolar
40301540;Clomipramina - pesquisa e/ou dosagem
40301559;Cloro - pesquisa e/ou dosagem
40301567;Cobre - pesquisa e/ou dosagem
40301575;Cocaína, pesquisa e/ou dosagem
40301583;Colesterol (HDL) - pesquisa e/ou dosagem
40301591;Colesterol (LDL) - pesquisa e/ou dosagem
40301605;Colesterol total - pesquisa e/ou dosagem
40301613;Cotinina - pesquisa e/ou dosagem
40301621;Creatina - pesquisa e/ou dosagem
40301630;Creatinina - pesquisa e/ou dosagem
40301648;Creatino fosfoquinase total (CK) - pesquisa e/ou dosagem
40301656;Creatino fosfoquinase - fração MB - massa - pesquisa e/ou dosagem
40301664;Creatino fosfoquinase - fração MB - atividade - pesquisa e/ou dosagem
40301672;Cromatografia de aminoácidos (perfil qualitatitivo) - pesquisa e/ou dosagem
40301680;Curva glicêmica (4 dosagens) via oral ou endovenosa
40301699;Desidrogenase alfa-hidroxibutírica - pesquisa e/ou dosagem
40301702;Desidrogenase glutâmica - pesquisa e/ou dosagem
40301710;Desidrogenase isocítrica - pesquisa e/ou dosagem
40301729;Desidrogenase láctica - pesquisa e/ou dosagem
40301737;Desidrogenase láctica - isoenzimas fracionadas - pesquisa e/ou dosagem
40301745;Benzodiazepínicos e similares (cada) - pesquisa e/ou dosagem
40301753;Digitoxina ou digoxina - pesquisa e/ou dosagem
40301761;Eletroferese de proteínas
40301770;Eletroforese de glicoproteínas
40301788;Eletroforese de lipoproteínas
40301796;Enolase - pesquisa e/ou dosagem
40301800;Etossuximida - pesquisa e/ou dosagem
40301818;Fenilalanina, pesquisa e/ou dosagem
40301826;Fenitoína - pesquisa e/ou dosagem
40301834;Fenobarbital - pesquisa e/ou dosagem
40301842;Ferro sérico - pesquisa e/ou dosagem
40301850;Formaldeído - pesquisa e/ou dosagem
40301869;Fosfatase ácida fração prostática - pesquisa e/ou dosagem
40301877;Fosfatase ácida total - pesquisa e/ou dosagem
40301885;Fosfatase alcalina - pesquisa e/ou dosagem
40301893;Fosfatase alcalina com fracionamento de isoenzimas - pesquisa e/ou dosagem
40301907;Fosfatase alcalina fração óssea - Elisa - pesquisa e/ou dosagem
40301915;Fosfatase alcalina termo-estável - pesquisa e/ou dosagem
40301923;Fosfolipídios - pesquisa e/ou dosagem
40301931;Fósforo - pesquisa e/ou dosagem
40301940;Fósforo, prova de reabsorção tubular
40301958;Frutosaminas (proteínas glicosiladas) - pesquisa e/ou dosagem
40301966;Frutose - pesquisa e/ou dosagem
40301974;Galactose - pesquisa e/ou dosagem
40301982;Galactose 1-fosfatouridil transferase, pesquisa e/ou dosagem
40301990;Gama-glutamil transferase - pesquisa e/ou dosagem
40302016;Gasometria (pH, pCO2, SA, O2, excesso base) - pesquisa e/ou dosagem
40302024;Gasometria + Hb + Ht + Na +  K + Cl + Ca + glicose + lactato (quando efetuado no gasômetro) - pesquisa e/ou dosagem
40302032;Glicemia após sobrecarga com dextrosol ou glicose - pesquisa e/ou dosagem
40302040;Glicose - pesquisa e/ou dosagem
40302059;Glicose-6-fosfato deidrogenase (G6FD) - pesquisa e/ou dosagem
40302067;Haptoglobina - pesquisa e/ou dosagem
40302075;Hemoglobina glicada (A1 total) - pesquisa e/ou dosagem
40302083;Hemoglobina plasmática livre - pesquisa e/ou dosagem
40302091;Hexosaminidase A - pesquisa e/ou dosagem
40302105;Hidroxiprolina - pesquisa e/ou dosagem
40302113;Homocisteína - pesquisa e/ou dosagem
40302121;Imipramina - desipramina - pesquisa e/ou dosagem
40302130;Amilase ou alfa-amilase, isoenzimas - pesquisa e/ou dosagem
40302148;Isomerase fosfohexose - pesquisa e/ou dosagem
40302156;Isoniazida - pesquisa e/ou dosagem
40302164;Lactose, teste de tolerância
40302172;Leucino aminopeptidase - pesquisa e/ou dosagem
40302180;Lidocaina - pesquisa e/ou dosagem
40302199;Lipase - pesquisa e/ou dosagem
40302202;Lipase lipoprotéica - pesquisa e/ou dosagem
40302210;Lipoproteína (a) - Lp (a) - pesquisa e/ou dosagem
40302229;Lítio - pesquisa e/ou dosagem
40302237;Magnésio - pesquisa e/ou dosagem
40302245;Mioglobina, pesquisa e/ou dosagem
40302253;Nitrogênio amoniacal - pesquisa e/ou dosagem
40302261;Nitrogênio total - pesquisa e/ou dosagem
40302270;Osmolalidade - pesquisa e/ou dosagem
40302288;Oxcarbazepina, pesquisa e/ou dosagem
40302296;Piruvato quinase - pesquisa e/ou dosagem
40302300;Porfirinas quantitativas (cada) - pesquisa e/ou dosagem
40302318;Potássio - pesquisa e/ou dosagem
40302326;Pré-albumina - pesquisa e/ou dosagem
40302334;Primidona - pesquisa e/ou dosagem
40302342;Procainamida - pesquisa e/ou dosagem
40302350;Propanolol - pesquisa e/ou dosagem
40302369;Proteína ligadora do retinol - pesquisa e/ou dosagem
40302377;Proteínas totais - pesquisa e/ou dosagem
40302385;Proteínas totais albumina e globulina - pesquisa e/ou dosagem
40302393;Quinidina - pesquisa e/ou dosagem
40302407;Reserva alcalina (bicarbonato) - pesquisa e/ou dosagem
40302415;Sacarose, teste de tolerância
40302423;Sódio - pesquisa e/ou dosagem
40302431;Succinil acetona - pesquisa e/ou dosagem
40302440;Sulfonamidas livre e acetilada (% de acetilação) - pesquisa e/ou dosagem
40302458;Tacrolimus - pesquisa e/ou dosagem
40302466;Tálio, pesquisa e/ou dosagem
40302474;Teofilina - pesquisa e/ou dosagem
40302482;Teste de tolerância a insulina ou hipoglicemiantes orais (até 6 dosagens)
40302490;Tirosina - pesquisa e/ou dosagem
40302504;Transaminase oxalacética (amino transferase aspartato) - pesquisa e/ou dosagem
40302512;Transaminase pirúvica (amino transferase de alanina) - pesquisa e/ou dosagem
40302520;Transferrina - pesquisa e/ou dosagem
40302539;Triazolam - pesquisa e/ou dosagem
40302547;Triglicerídeos - pesquisa e/ou dosagem
40302555;Trimipramina - pesquisa e/ou dosagem
40302563;Tripsina imuno reativa (IRT) - pesquisa e/ou dosagem
40302571;Troponina - pesquisa e/ou dosagem
40302580;Uréia - pesquisa e/ou dosagem
40302598;Urobilinogênio - pesquisa e/ou dosagem
40302601;Vitamina A, pesquisa e/ou dosagem
40302610;Vitamina E - pesquisa e/ou dosagem
40302628;Xilose, teste de absorção à
40302636;Lipídios totais - pesquisa e/ou dosagem
40302644;Maltose, teste de tolerância
40302652;Mucopolissacaridose, pesquisa e/ou dosagem
40302679;Ocitocinase, pesquisa e/ou dosagem
40302687;Procalcitonina - pesquisa e/ou dosagem
40302695;Colesterol (VLDL) - pesquisa e/ou dosagem
40302709;Teste oral de tolerância à glicose - 2 dosagens
40302717;Eletroforese de proteínas de alta resolução
40302725;Imunofixação - cada fração
40302733;Hemoglobina glicada (Fração A1c) - pesquisa e/ou dosagem
40302741;Lamotrigina - pesquisa e/ou dosagem
40302750;Perfil lipídico / lipidograma (lípidios totais, colesterol, triglicerídios e eletroforese lipoproteínas) - pesquisa e/ou dosagem
40302768;PAPP-A - pesquisa e/ou dosagem
40302776;Peptídeo natriurético BNP/PROBNP - pesquisa e/ou dosagem
40302784;Vitamina B1, pesquisa e/ou dosagem
40302792;Vitamina B2, pesquisa e/ou dosagem
40302806;Vitamina B3, pesquisa e/ou dosagem
40302814;Vitamina B6, pesquisa e/ou dosagem
40302822;Vitamina D2, pesquisa e/ou dosagem
40302830;"Vitamina ""D"" 25 HIDROXI, pesquisa e/ou dosagem (Vitamina D3)"
40302849;Vitamina K,- pesquisa e/ou dosagem
40302857;6-Monoacetilmorfina urinária
40302865;7 Dihidrocolesterol, dosagem
40302873;Ácido Gama-hidroxibutirico, dosagem soro
40302881;Ácido Micofenólico, dosagem soro
40302890;Ácidos graxos cadeia longa
40302903;Ácidos graxos cadeia muito longa
40302911;AP 50, dosagem
40302920;Atividade de precalicreina
40302938;Beta 2 transferrina
40302946;Bilirrubina transcutânea [labo]
40302954;Cartilagem oligomérica proteína (COMP)
40302962;Cistatina C
40302989;Clearance de amilase
40302997;Colágeno ensaio de ligação
40303012;Alfa -1-antitripsina, (fezes) - pesquisa e/ou dosagem
40303020;Anal Swab, pesquisa de oxiúrus
40303039;Coprológico funcional (caracteres, pH, digestibilidade, amônia, ácidos orgânicos e interpretação)
40303047;Eosinófilos, pesquisa nas fezes
40303055;Gordura fecal, dosagem
40303063;Hematoxilina férrica, pesquisa de protozoários nas fezes
40303071;Identificação de helmintos,  exame de fragmentos - nas fezes
40303080;Larvas (fezes), pesquisa
40303098;Leucócitos e hemácias, pesquisa nas fezes
40303101;Leveduras, pesquisa nas fezes
40303110;Parasitológico - nas fezes
40303128;Parasitológico, colheita múltipla com fornecimento do líquido conservante nas fezes
40303136;Sangue oculto, pesquisa nas fezes
40303144;Shistossoma, pesquisa ovos em fragmentos mucosa após biópsia retal
40303152;Substâncias redutoras nas fezes - pesquisa
40303160;Tripsina, prova de (digestão da gelatina)
40303179;Esteatócrito, triagem para gordura fecal
40303187;Estercobilinogênio fecal, dosagem
40303195;Gordura fecal, pesquisa de
40303209;Helicobacter pylori nas fezes
40303217;Lactoferrina fecal
40303225;Nitrôgenio fecal, dosagem
40303241;Toxina botuliníca, pesquisa (fezes)
40303250;Sangue oculto nas fezes, pesquisa imunológica
40303268;Oograma nas fezes
40303276;Resíduos alimentares, identificação, fezes
40303284;Elastase pancreática fecal
40303292;Fibrinopeptídeo A, antígeno
40303306;Hemoglobina A2, cromatografia
40303314;Hemoglobina cromatografia
40303322;TAT - complexo Trombina/Antitrombiona
40303330;Dosagem fecal de calprotectina
40304019;Anticoagulante lúpico, pesquisa
40304027;Anticorpo anti A e B, pesquisa e/ou dosagem
40304035;Anticorpos antiplaquetários, citometria de fluxo
40304043;Anticorpos irregulares - pesquisa e/ou dosagem
40304051;Anticorpos irregulares, pesquisa (meio salino a temperatura ambiente e 37º e teste indireto de coombs)
40304060;Antitrombina III, dosagem
40304078;Ativador tissular de plasminogênio (TPA) - pesquisa e/ou dosagem
40304086;CD... (antígeno de dif. Celular, cada determinação) - pesquisa e/ou dosagem
40304094;Citoquímica para classificar leucemia: esterase, fosfatase leucocitária, PAS, peroxidase ou SB,  etc - cada
40304108;Coombs direto
40304116;Enzimas  eritrocitárias,  (adenilatoquinase,  desidrogenase láctica,  fosfofructoquinase,  fosfoglicerato quinase, gliceraldeído, 3  - fosfato   desidrogenase, glicose  fosfato isomerase,  glicose 6 - fosfato desidrogenase, glutation peroxidase, glutation
40304132;Falcização, teste de
40304140;Fator 4 plaquetário, dosagens
40304159;Fator II, dosagem
40304167;Fator IX, dosagem
40304175;Fator V, dosagem
40304183;Fator VIII, dosagem
40304191;Fator VIII, dosagem do antígeno (Von Willebrand)
40304205;Fator VIII, dosagem do inibidor
40304213;Fator X, dosagem
40304221;Fator XI, dosagem
40304230;Fator XII, dosagem
40304248;Fator XIII, pesquisa
40304256;Fenotipagem do sistema Rh-Hr (anti Rho(D) + anti Rh(C) + anti Rh(E)
40304264;Fibrinogênio, teste funcional, dosagem
40304272;Filária, pesquisa
40304280;Grupo ABO, classificação reversa - determinação
40304299;Grupo sanguíneo ABO, e fator Rho (inclui Du) - determinação
40304302;Ham, teste de (hemólise ácida)
40304310;Heinz, corpúsculos, pesquisa
40304329;Hemácias fetais, pesquisa
40304337;Hematócrito, determinação do
40304345;Hemoglobina, dosagem
40304353;Hemoglobina (eletroforese) - pesquisa e/ou dosagem
40304361;Hemograma com contagem de plaquetas ou frações (eritrograma, leucograma, plaquetas)
40304370;Hemossedimentação, (VHS) - pesquisa e/ou dosagem
40304388;Hemossiderina (siderócitos), sangue ou urina - pesquisa e/ou dosagem
40304396;Heparina, dosagem
40304400;Inibidor do TPA (PAI) - pesquisa e/ou dosagem
40304418;Leucócitos, contagem
40304434;Meta-hemoglobina, determinação da
40304450;Plaquetas, teste de agregação (por agente agregante), cada
40304469;Plasminogênio, dosagem
40304477;Plasmódio, pesquisa
40304485;Medula óssea, aspiração para mielograma ou microbiológico
40304493;Produtos de degradação da fibrina, qualitativo - pesquisa e/ou dosagem
40304507;Proteína C - pesquisa e/ou dosagem
40304515;Proteína S, teste funcional
40304523;Protoporfirina eritrocitária livre - zinco - pesquisa e/ou dosagem
40304531;Prova do laço
40304540;Resistência globular, curva de
40304558;Reticulócitos, contagem
40304566;Retração do coágulo - pesquisa
40304574;Ristocetina, co-fator, teste funcional, dosagem
40304582;Tempo de coagulação - determinação
40304590;Tempo de protrombina - determinação
40304604;Tempo de reptilase - determinação
40304612;Tempo de sangramento de IVY - deteminação
40304620;Tempo de trombina - determinação
40304639;Tempo de tromboplastina parcial ativada - determinação
40304647;Tripanossoma, pesquisa
40304655;Tromboelastograma  - pesquisa e/ou dosagem
40304663;Alfa-2antiplasmina, teste funcional
40304671;Anticorpo antimieloperoxidase, MPO - pesquisa e/ou dosagem
40304680;Fator VII - pesquisa e/ou dosagem
40304698;Fator XIII, dosagem, teste funcional
40304701;Imunofenotipagem para doença residual mínima (*)
40304710;Imunofenotipagem para hemoglobinúria paroxistica noturna (*)
40304728;Imunofenotipagem para leucemias agudas ou sindrome mielodisplásica (*)
40304736;Imunofenotipagem para linfoma não hodgkin / sindrome linfoproliferativa crônica (*)
40304744;Imunofenotipagem para perfil imune (*)
40304752;Fator IX, dosagem do inibidor
40304760;Inibidor dos fatores da hemostasia, triagem
40304779;Produtos de degradação da fibrina, quantitativo - pesquisa e/ou dosagem
40304787;Proteína S livre, dosagem
40304809;Consumo de protrombina - pesquisa e/ou dosagem
40304817;Enzimas eritrocitárias, rastreio para deficiência
40304825;Esplenograma (citologia)
40304833;Hemoglobina instabilidade a 37 graus C - pesquisa e/ou dosagem
40304841;Hemoglobina, solubilidade (HbS e HbD) - pesquisa e/ou dosagem
40304850;Hemoglobinopatia - triagem (El.HB., hemoglob. fetal. reticulócitos, corpos de H, T. falcização hemácias, resist. osmótica, termo estabilidade)
40304868;Estreptozima - pesquisa e/ou dosagem
40304876;Sulfo-hemoglobina, determinação da
40304884;Coombs indireto
40304892;Mielograma
40304906;Dímero D - pesquisa e/ou dosagem
40304914;Tempo de sangramento (Duke) - determinação
40304922;Coagulograma (TS, TC, prova do laço, retração do coágulo, contagem de plaquetas, tempo de protombina, tempo de tromboplastina, parcial ativado) - pesquisa e/ou dosagem
40304930;Baço, exame de esfregaço de aspirado
40304949;Linfonodo, exame de esfregaço de aspirado
40304957;Adenograma (inclui hemograma)
40304965;Alfa 1 anti tripsina, fenotipagem
40304973;Alfa talassemia anal molecular sangue
40304981;Analisador da função plaquetaria PFA-100
40305015;1,25-dihidroxi vitamina D - pesquisa e/ou dosagem
40305040;17-cetogênicos (17-CGS) - pesquisa e/ou dosagem
40305058;17-cetogênicos cromatografia - pesquisa e/ou dosagem
40305066;17-cetosteróides (17-CTS) - cromatografia - pesquisa e/ou dosagem
40305074;17-cetosteróides relação alfa/beta - pesquisa e/ou dosagem
40305082;17-cetosteróides totais (17-CTS) - pesquisa e/ou dosagem
40305090;17-hidroxipregnenolona - pesquisa e/ou dosagem
40305112;Ácido 5 hidróxi indol acético, dosagem na urina
40305120;Ácido homo vanílico - pesquisa e/ou dosagem
40305163;AMP cíclico - pesquisa e/ou dosagem
40305210;Cortisol livre - pesquisa e/ou dosagem
40305228;Curva glicêmica (6 dosagens) - pesquisa e/ou dosagem
40305236;Curva insulínica  (6 dosagens) - pesquisa e/ou dosagem
40305279;Dosagem de receptor de progesterona ou de estrogênio
40305287;Enzima conversora da angiotensina (ECA) - pesquisa e/ou dosagem
40305295;Eritropoietina - pesquisa e/ou dosagem
40305341;Gad-Ab-antidescarboxilase do ácido - pesquisa e/ou dosagem
40305368;Glucagon, dosagem
40305384;Hormônio antidiurético (vasopressina) - pesquisa e/ou dosagem
40305406;"IGF BP3 (proteína ligadora dos fatores de crescimento ""insulin-like"") - pesquisa e/ou dosagem"
40305422;Leptina - pesquisa e/ou dosagem
40305449;N-telopeptídeo - pesquisa e/ou dosagem
40305465;Paratormônio - PTH ou fração (cada) - pesquisa e/ou dosagem
40305490;Piridinolina - pesquisa e/ou dosagem
40305503;Pregnandiol - pesquisa e/ou dosagem
40305511;Pregnantriol - pesquisa e/ou dosagem
40305546;Prova do LH-Rh, dosagem do FSH sem fornecimento de medicamento (cada)
40305554;Prova do LH-Rh, dosagem do LH sem fornecimento de medicamento (cada)
40305562;Prova do TRH-HPR, dosagem do HPR sem fornecimento do material (cada)
40305570;Prova do TRH-TSH, dosagem do TSH sem fornecimento do material (cada)
40305589;Prova para diabete insípido (restrição hídrica  NaCL 3% vasopressina)
40305597;Estrogênios totais (fenolesteróides) - pesquisa e/ou dosagem
40305600;Iodo protéico (PBI) - pesquisa e/ou dosagem
40305619;Lactogênico placentário hormônio - pesquisa e/ou dosagem
40305627;Provas de função tireoideana (T3, T4, índices e TSH)
40305635;Somatotrófico coriônico (HCS ou PHL) - pesquisa e/ou dosagem
40305740;11-desoxicorticosterona - pesquisa e/ou dosagem
40305759;Hormônio gonodotrofico corionico qualitativo (HCG-Beta-HCG) - pesquisa
40305767;Hormônio gonodotrofico corionico quantitativo (HCG-Beta-HCG) - dosagem
40305775;Macroprolactina - pesquisa e/ou dosagem
40305783;17-hidroxicorticosteróides (17-OHS) - pesquisa e/ou dosagem
40306011;Adenovírus, IgG - pesquisa e/ou dosagem
40306020;Adenovírus, IgM - pesquisa e/ou dosagem
40306046;Anticandida - IgG e IgM (cada) - pesquisa e/ou dosagem
40306054;Anti-actina - pesquisa e/ou dosagem
40306062;Anti-DNA - pesquisa e/ou dosagem
40306070;Anti-JO1 - pesquisa e/ou dosagem
40306089;Anti-LA/SSB - pesquisa e/ou dosagem
40306097;Anti-LKM-1 - pesquisa e/ou dosagem
40306100;Anti-RNP - pesquisa e/ou dosagem
40306119;Anti-Ro/SSA - pesquisa e/ou dosagem
40306127;Anti-Sm - pesquisa e/ou dosagem
40306135;Anticardiolipina - IgA - pesquisa e/ou dosagem
40306143;Anticardiolipina - IgG - pesquisa e/ou dosagem
40306151;Anticardiolipina - IgM - pesquisa e/ou dosagem
40306160;Anticentrômero - pesquisa e/ou dosagem
40306178;Anticorpo anti-DNAse B - pesquisa e/ou dosagem
40306186;Anticorpo anti-hormônio do crescimento - pesquisa e/ou dosagem
40306194;Anticorpo antivírus da hepatite E (total) - pesquisa e/ou dosagem
40306208;Anticorpos anti-ilhota de langherans - pesquisa e/ou dosagem
40306216;Anticorpos anti-influenza A,  IgG - pesquisa e/ou dosagem
40306224;Anticorpos anti-influenza A,  IgM - pesquisa e/ou dosagem
40306232;Anticorpos anti-influenza B, IgG - pesquisa e/ou dosagem
40306240;Anticorpos anti-influenza B, IgM - pesquisa e/ou dosagem
40306259;Anticorpos antiendomisio - IgG, IgM, IgA (cada) - pesquisa e/ou dosagem
40306267;Anticorpos naturais - isoaglutininas, pesquisas
40306275;Anticorpos naturais - isoaglutininas, titulagem
40306283;Anticortex supra-renal - pesquisa e/ou dosagem
40306291;Antiescleroderma (SCL 70) - pesquisa e/ou dosagem
40306305;Antigliadina (glúten) - IgA - pesquisa e/ou dosagem
40306313;Antigliadina (glúten) - IgG - pesquisa e/ou dosagem
40306321;Antigliadina (glúten) - IgM - pesquisa e/ou dosagem
40306330;Antimembrana basal - pesquisa e/ou dosagem
40306348;Antimicrossomal - pesquisa e/ou dosagem
40306356;Antimitocondria - pesquisa e/ou dosagem
40306364;Antimitocondria, M2 - pesquisa e/ou dosagem
40306372;Antimúsculo cardíaco - pesquisa e/ou dosagem
40306380;Antimúsculo estriado - pesquisa e/ou dosagem
40306399;Antimúsculo liso - pesquisa e/ou dosagem
40306402;Antineutrófilos (anca)  C - pesquisa e/ou dosagem
40306410;Antineutrófilos (anca)  P - pesquisa e/ou dosagem
40306429;Antiparietal - pesquisa e/ou dosagem
40306437;Antiperoxidase tireoideana - pesquisa e/ou dosagem
40306445;Aslo - pesquisa e/ou dosagem
40306453;Aspergilus, reação sorológica
40306461;Avidez de IgG para toxoplasmose, citomegalia, rubéloa, EB e outros, cada - pesquisa e/ou dosagem
40306470;Beta-2-microglobulina - pesquisa e/ou dosagem
40306488;Biotinidase atividade da, qualitativo - pesquisa e/ou dosagem
40306496;Blastomicose, reação sorológica
40306500;Brucela - IgG - pesquisa e/ou dosagem
40306518;Brucela - IgM - pesquisa e/ou dosagem
40306526;Brucela, prova rápida
40306534;C1q - pesquisa e/ou dosagem
40306542;C3 proativador - pesquisa e/ou dosagem
40306550;C3A (fator B) - pesquisa e/ou dosagem
40306569;CA 50 - pesquisa e/ou dosagem
40306577;CA-242 - pesquisa e/ou dosagem
40306585;CA-27-29 - pesquisa e/ou dosagem
40306593;Caxumba, IgG - pesquisa e/ou dosagem
40306607;Caxumba, IgM - pesquisa e/ou dosagem
40306615;Chagas IgG - pesquisa e/ou dosagem
40306623;Chagas IgM - pesquisa e/ou dosagem
40306631;Chlamydia - IgG - pesquisa e/ou dosagem
40306640;Chlamydia - IgM - pesquisa e/ou dosagem
40306658;Cisticercose, AC - pesquisa e/ou dosagem
40306666;Citomegalovírus IgG - pesquisa e/ou dosagem
40306674;Citomegalovírus IgM - pesquisa e/ou dosagem
40306682;Clostridium difficile, toxina A - pesquisa e/ou dosagem
40306690;Complemento C2 - pesquisa e/ou dosagem
40306704;Complemento C3 - pesquisa e/ou dosagem
40306712;Complemento C4 - pesquisa e/ou dosagem
40306720;Complemento C5 - pesquisa e/ou dosagem
40306739;Complemento CH-100 - pesquisa e/ou dosagem
40306747;Complemento CH-50 - pesquisa e/ou dosagem
40306755;Crio-aglutinina, globulina, dosagem, cada
40306763;Crio-aglutinina, globulina, pesquisa, cada
40306771;Cross match (prova cruzada de histocompatibilidade para transplante renal)
40306780;"Cultura ou estimulação dos linfócitos ""in vitro"" por concanavalina, PHA ou pokweed"
40306798;Dengue - IgG e IgM (cada) - pesquisa e/ou dosagem
40306801;Echovírus (painel) sorologia para
40306810;Equinococose (Hidatidose), reação sorológica
40306828;Equinococose, IDR - pesquisa e/ou dosagem
40306836;Esporotricose, reação sorológica
40306844;Esporotriquina, IDR - pesquisa e/ou dosagem
40306852;Fator antinúcleo, (FAN) - pesquisa e/ou dosagem
40306860;Fator reumatóide, quantitativo - pesquisa e/ou dosagem
40306879;Filaria sorologia - pesquisa e/ou dosagem
40306887;Genotipagem do sistema HLA
40306895;Giardia, reação sorológica
40306909;Helicobacter pylori - IgA - pesquisa e/ou dosagem
40306917;Helicobacter pylori - IgG - pesquisa e/ou dosagem
40306925;Helicobacter pylori - IgM - pesquisa e/ou dosagem
40306933;Hepatite A - HAV - IgG - pesquisa e/ou dosagem
40306941;Hepatite A - HAV - IgM - pesquisa e/ou dosagem
40306950;Hepatite B - HBCAC - IgG (anti-core IgG ou Acoreg) - pesquisa e/ou dosagem
40306968;Hepatite B - HBCAC - IgM (anti-core IgM ou Acorem) - pesquisa e/ou dosagem
40306976;Hepatite B - HBeAC (anti HBE) - pesquisa e/ou dosagem
40306984;"Hepatite B - HBeAG (antígeno ""E"") - pesquisa e/ou dosagem"
40306992;Hepatite B - HBSAC (anti-antígeno de superfície) - pesquisa e/ou dosagem
40307018;Hepatite B - HBSAG (AU, antígeno austrália) - pesquisa e/ou dosagem
40307026;Hepatite C - anti-HCV - pesquisa e/ou dosagem
40307034;Hepatite C - anti-HCV - IgM - pesquisa e/ou dosagem
40307042;Hepatite C - imunoblot - pesquisa e/ou dosagem
40307050;Hepatite delta, anticorpo IgG - pesquisa e/ou dosagem
40307069;Hepatite delta, anticorpo IgM - pesquisa e/ou dosagem
40307077;Hepatite delta, antígeno - pesquisa e/ou dosagem
40307085;Herpes simples - IgG - pesquisa e/ou dosagem
40307093;Herpes simples - IgM - pesquisa e/ou dosagem
40307107;Herpes zoster - IgG - pesquisa e/ou dosagem
40307115;Herpes zoster - IgM - pesquisa e/ou dosagem
40307123;Hipersensibilidade retardada (intradermo reação IDeR ) candidina, caxumba, estreptoquinase-dornase, PPD, tricofitina, vírus vacinal, outro(s), cada
40307131;Histamina, dosagem
40307140;Histona - pesquisa e/ou dosagem
40307158;Histoplasmose, reação sorológica
40307166;HIV - antígeno P24 - pesquisa e/ou dosagem
40307174;HIV1 ou HIV2, pesquisa de anticorpos
40307182;HIV1+ HIV2, (determinação conjunta), pesquisa de anticorpos
40307190;HLA-DR - pesquisa e/ou dosagem
40307204;HLA-DR+DQ - pesquisa e/ou dosagem
40307212;HTLV1 ou HTLV2 pesquisa de anticorpo (cada)
40307220;IgA - pesquisa e/ou dosagem
40307239;IgA na saliva - pesquisa e/ou dosagem
40307247;IgD - pesquisa e/ou dosagem
40307255;IgE, grupo específico, cada - pesquisa e/ou dosagem
40307263;IgE, por alérgeno (cada) - pesquisa e/ou dosagem
40307271;IgE, total - pesquisa e/ou dosagem
40307280;IgG - pesquisa e/ou dosagem
40307298;IgG, subclasses 1,2,3,4 (cada) - pesquisa e/ou dosagem
40307301;IgM - pesquisa e/ou dosagem
40307310;Imunocomplexos circulantes - pesquisa e/ou dosagem
40307328;Imunocomplexos circulantes, com células Raji - pesquisa e/ou dosagem
40307336;Imunoeletroforese (estudo da gamopatia) - pesquisa e/ou dosagem
40307344;Inibidor de C1 esterase - pesquisa e/ou dosagem
40307352;Isospora, pesquisa de antígeno - pesquisa e/ou dosagem
40307360;Ito (cancro mole), IDeR - pesquisa e/ou dosagem
40307379;Kveim (sarcoidose), IDeR - pesquisa e/ou dosagem
40307387;Legionella - IgG e IgM (cada) - pesquisa e/ou dosagem
40307395;Leishmaniose - IgG e IgM (cada) - pesquisa e/ou dosagem
40307409;Leptospirose - IgG - pesquisa e/ou dosagem
40307417;Leptospirose - IgM - pesquisa e/ou dosagem
40307425;Leptospirose, aglutinação - pesquisa
40307433;"Linfócitos T ""helper"" contagem de (IF com OKT-4) (CD-4+) citometria de fluxo"
40307441;Linfócitos T supressores contagem de (IF com OKT-8) (D-8) citometria de fluxo
40307450;Listeriose, reação sorológica
40307468;Lyme - IgG - pesquisa e/ou dosagem
40307476;Lyme - IgM - pesquisa e/ou dosagem
40307484;Malária - IgG - pesquisa e/ou dosagem
40307492;Malária - IgM - pesquisa e/ou dosagem
40307506;Mantoux, IDeR
40307514;MCA (antígeno cárcino-mamário) - pesquisa e/ou dosagem
40307522;Micoplasma pneumoniae - IgG - pesquisa e/ou dosagem
40307530;Micoplasma pneumoniae - IgM - pesquisa e/ou dosagem
40307565;Mononucleose - Epstein BARR - IgG - pesquisa e/ou dosagem
40307573;Mononucleose, anti-VCA (EBV) IgG - pesquisa e/ou dosagem
40307581;Mononucleose, anti-VCA (EBV) IgM - pesquisa e/ou dosagem
40307590;Montenegro, IDeR
40307603;Outros testes bioquímicos para determinação do risco fetal (cada)
40307611;Parvovírus - IgG, IgM (cada) - pesquisa e/ou dosagem
40307620;Peptídio intestinal vasoativo, dosagem
40307638;PPD (tuberculina), IDeR
40307654;Proteína C, teste imunológico
40307662;Proteína eosinofílica catiônica (ECP) - pesquisa e/ou dosagem
40307689;Reação sorológica para coxsackie, neutralização IgG
40307697;Rubéola - IgG - pesquisa e/ou dosagem
40307700;Rubéola - IgM - pesquisa e/ou dosagem
40307719;Schistosomose - IgG - pesquisa e/ou dosagem
40307727;Schistosomose - IgM - pesquisa e/ou dosagem
40307735;Sífilis - FTA-ABS-IgG - pesquisa
40307743;Sífilis - FTA-ABS-IgM - pesquisa
40307751;Sífilis - TPHA - pesquisa
40307760;Sífilis - VDRL
40307778;Teste de inibição da migração dos linfócitos (para cada antígeno)
40307786;Teste respiratório para H. Pylori
40307794;Toxocara cannis - IgG - pesquisa e/ou dosagem
40307808;Toxocara cannis - IgM - pesquisa e/ou dosagem
40307816;Toxoplasmina, IDeR
40307824;Toxoplasmose IgG - pesquisa e/ou dosagem
40307832;Toxoplasmose IgM - pesquisa e/ou dosagem
40307840;Urease, teste rápido para helicobacter pylori
40307859;Vírus sincicial respiratório - Elisa - IgG - pesquisa e/ou dosagem
40307867;Waaler-Rose (fator reumatóide) - pesquisa e/ou dosagem
40307875;Western Blot (anticorpos anti-HIV) - pesquisa e/ou dosagem
40307883;Western Blot (anticorpos anti-HTVI ou HTLVII) (cada) - pesquisa e/ou dosagem
40307891;Widal, reação de
40307905;Alérgenos - perfil antigênico (painel C/36 antígenos) - pesquisa e/ou dosagem
40307913;Anti-DMP - pesquisa e/ou dosagem
40307921;Anti-hialuronidase, determinação da
40307930;Antidesoxiribonuclease B, neutralização quantitativa - pesquisa e/ou dosagem
40307948;Antifígado (glomérulo, tub. Renal corte rim de rato), IFI - pesquisa e/ou dosagem
40307956;Antígenos metílicos solúveis do BCG (1 aplicação)
40307964;Chagas, hemoaglutinação
40307972;Chagas (Machado Guerreiro)
40307999;Complemento C3, C4 - turbid. ou nefolométrico C3A - pesquisa e/ou dosagem
40308014;Crioglobulinas, caracterização - imunoeletroforese
40308022;DNCB - teste de contato
40308030;Fator reumatóide, teste do látex (qualitativo) - pesquisa
40308049;Frei (linfogranuloma venéreo), IDeR - pesquisa e/ou dosagem
40308065;Gonococo - hemaglutinação (HA)
40308081;Hidatidose (equinococose) IDi dupla - pesquisa e/ou dosagem
40308090;NBT estimulado
40308120;Sarampo - anticorpos IgG - pesquisa e/ou dosagem
40308138;Sarampo - anticorpos IgM - pesquisa e/ou dosagem
40308154;Toxoplasmose - IgA - pesquisa e/ou dosagem
40308162;Varicela, IgG - pesquisa e/ou dosagem
40308170;Varicela, IgM - pesquisa e/ou dosagem
40308197;Vírus sincicial respiratório - pesquisa direta
40308200;Weil Felix (Ricketsiose), reação de aglutinação
40308219;Anticorpo anti Saccharamyces - ASCA - pesquisa e/ou dosagem
40308235;HER2 dosagem do receptor
40308243;Poliomelite sorologia
40308251;Proteína Amiloide A - pesquisa e/ou dosagem
40308278;Schistosomose, pesquisa
40308286;Sífilis anticorpo total - pesquisa e/ou dosagem
40308294;Sífilis IgM - pesquisa e/ou dosagem
40308308;Amebíase, IgG - pesquisa e/ou dosagem
40308316;Amebíase, IgM - pesquisa e/ou dosagem
40308324;Gonococo - IgG - pesquisa e/ou dosagem
40308332;Gonococo - IgM - pesquisa e/ou dosagem
40308340;Mononucleose, sorologia para (Monoteste ou Paul-Bunnel), cada
40308359;Psitacose - IgG - pesquisa e/ou dosagem
40308367;Psitacose - IgM - pesquisa e/ou dosagem
40308375;Psitacose - IgA - pesquisa e/ou dosagem
40308383;Proteína C reativa, qualitativa - pesquisa
40308391;Proteína C reativa, quantitativa - pesquisa e/ou dosagem
40308405;Aslo, quantitativo - pesquisa e/ou dosagem
40308413;Paracoccidioidomicose, anticorpos totais / IgG - pesquisa e/ou dosagem
40308421;Ameba, pesquisa
40308430;Ameba, pesquisa antígeno nas fezes, Elisa
40308448;Anti 68 KD (Cóclea)
40308456;Anti citosol hepático
40308464;Anti cromatina - IgG
40308472;Anti GM1 - IgG/IgM
40308480;Anti HU (Western Blot)
40308499;Anti KU
40308502;Anti parainfluenza tipo 1,2,3
40308510;Anti PCNA
40308529;Anticorpos antipneumococos
40308537;Anti RI (Western Blot)
40308545;Anti ribossomal P
40308553;Anti transglutaminase tecidual - IgA
40308561;Anti transglutaminase tecidual - IgG
40308570;Anti YO
40308588;Anti YO (PCA1), dosagem líquor
40308596;Anticorpos anti 21 hidroxilase
40308618;Anticorpos anti anexina
40308626;Anticorpos anti antígeno hepático solúvel
40308634;Anticorpos anti coccidióides, soro
40308642;Anticorpos anti colágeno tipo 2
40308650;Anticorpos anti fator intrinseco
40308669;Anticorpos anti febre, qualquer soro
40308677;Anticorpos anti Fibrilarina
40308685;Anticorpos anti fosfatidilserina - IgA/IgG/IgM
40308693;Anticorpos anti granulócitos
40308707;Anticorpos anti Hantavirus
40308723;Anticorpos anti líquor bartonella
40308731;Anticorpos anti líquor gangliosídeo, painel
40308740;Anticorpos anti líquor GM1
40308758;Anticorpos anti MAG
40308766;Anticorpos anti MI-2 auto
40308774;Anticorpos anti Mielina
40308782;Anticorpos anti neuronal nuclear 1 e 2 LCR
40308790;Anticorpos anti pele
40308804;Anticorpos anti peptídeo cíclico citrulinado - IgG
40308812;Anticorpos anti PM1
40308820;Anticorpos anti reticulina
40308839;Anticorpos anti strongilóides
40308847;Anticorpos anti sulfatídeo
40308855;Anticorpos anti vírus herpes  6 líquor - IgG/IgM
40308863;Anticorpos anti vírus herpes 6
40308871;Anticorpos anti vírus rábico
40308880;Anticorpos arbovírus, painel
40308898;Anticorpos Beta 2 glicoproteina I  - IgG/IgM/IgA
40308901;Acetilcolina, anticorpos bloqueador receptor
40308910;Anticorpos contra canal de cálcio regulado por voltagem
40308928;Anticorpos Coxsackie A, outros materiais
40308936;Anticorpos CV2 auto, soro
40308944;Anticorpos Desmogleina tipo 1 e 3
40308952;Anticorpos Fosfatidilcolina - IgG/IgM/IgA
40308960;Anticorpos Gangliosídeos, soro
40308979;Anticorpos Gd1A - IgG
40308987;Anticorpos Gd1A - IgM
40308995;Anticorpos Gd1B - IgG
40309010;Adenosina de aminase (ADA) - pesquisa e/ou dosagem em líquidos orgânicos
40309029;Bioquímica ICR (proteínas + pandy + glicose + cloro) - pesquisa e/ou dosagem em líquidos orgânicos
40309037;Células, contagem total e específica - pesquisa e/ou dosagem em líquidos orgânicos
40309045;Células, pesquisa de células neoplásicas (citologia oncótica) - pesquisa e/ou dosagem em líquidos orgânicos
40309053;Criptococose, cândida, aspérgilus (látex) - pesquisa e/ou dosagem em líquidos orgânicos
40309061;Eletroforese de proteínas no líquor, com concentração - pesquisa e/ou dosagem em líquidos orgânicos
40309070;H. Influenzae, S. Pneumonieae, N. Meningitidis A, B e C W135 (cada) - pesquisa e/ou dosagem em líquidos orgânicos
40309088;Haemophilus influenzae - pesquisa de anticorpos (cada)- pesquisa e/ou dosagem em líquidos orgânicos
40309096;Índice de imunoprodução (eletrof. e IgG em soro e líquor) - pesquisa e/ou dosagem
40309100;LCR ambulatorial rotina (aspectos cor + índice de cor + contagem global e  específica  de leucócitos e  hemácias + citologia  oncótica + proteína + glicose + cloro + eletroforese  com concentração + IgG + reações para neurocisticercose (2) + reações para neuroles (2)).
40309118;LCR hospitalar neurologia (aspectos cor + índices de cor + contagem global e específica de  leucócitos e hemácias + proteína + glicose + cloro + reações para  neurocisticercose (2) + reações para  neurolues (2) + bacterioscopia + cultura + látex para bactérias).
40309126;LCR pronto socorro (aspectos cor + índice  de cor + contagem  global  e  específica  de  leucócitos  e hemácias + proteína + glicose + cloro + lactato + bacterioscopia + cultura + látex para bactérias)
40309134;Pesquisa de bandas oligoclonais por isofocalização - pesquisa e/ou dosagem em líquidos orgânicos
40309142;Proteína mielina básica, anticorpo anti - pesquisa e/ou dosagem em líquidos orgânicos
40309150;Punção cisternal subocciptal com manometria para coleta de líquido cefalorraqueano
40309169;Punção lombar com manometria para coleta de líquido cefalorraqueano
40309177;"Nonne-Apple; reação"
40309185;Takata-Ara, reação
40309193;Babesia microti em líquor
40309207;Coccidióides em líquor
40309215;Líquor cisticercose Western Blot
40309231;Líquor imunofenotipagem T e B
40309240;Líquor índice IgG para citomegalovirus
40309258;Líquor látex para meningite
40309266;Aminoácidos no líquido cefalorraquidiano
40309304;Anticorpo antiespermatozóide - pesquisa e/ou dosagem em líquidos orgânicos
40309312;Espermograma (caracteres físicos, pH, fludificação, motilidade, vitalidade, contagem e morfologia)
40309320;"Espermograma e teste de penetração ""in vitro"", velocidade penetração vertical, colocação  vital, teste de revitalização"
40309401;Clements, teste
40309410;Espectrofotometria de líquido amniótico
40309428;Fosfolipídios (relação lecitina/esfingomielina) - pesquisa e/ou dosagem em líquidos orgânicos
40309436;Maturidade pulmonar fetal - - pesquisa e/ou dosagem em líquidos orgânicos
40309444;Rotina do líquido amniótico-amniograma (citológico espectrofotometria, creatinina e teste de clements)
40309452;Azul de nilo no líquido amniótico
40309509;Cristais com luz polarizada - pesquisa e/ou dosagem em líquidos orgânicos
40309517;Ragócitos, pesquisa
40309525;Rotina líquido sinovial - caracteres físicos, citologia, proteínas, ácido úrico, látex p/ F.R., BACT.
40310019;A fresco, exame
40310035;Antibiograma p/ bacilos álcool-resistentes - drogas de 2 linhas
40310043;Antígenos fúngicos, pesquisa
40310051;B.A.A.R. (Ziehl ou fluorescência, pesquisa direta e após homogeneização) - pesquisa
40310060;Bacterioscopia (Gram, Ziehl, Albert  etc), por lâmina
40310078;Chlamydia, cultura
40310086;Cólera - identificação (sorotipagem incluída)
40310094;Corpúsculos de Donovani, pesquisa direta de
40310108;Criptococo (tinta da China), pesquisa de
40310116;Criptosporidium, pesquisa
40310124;Cultura bacteriana (em diversos materiais biológicos)
40310132;Cultura para bactérias anaeróbicas
40310140;Cultura para fungos
40310159;Cultura para mycobacterium
40310167;Cultura quantitativa de secreções pulmonares, quando necessitar tratamento prévio c/ N.C.A.
40310175;Cultura, fezes: salmonela, shigellae e esc. Coli enteropatogênicas, enteroinvasora (sorol. Incluída) + campylobacter SP. + E. Coli entero-hemorrágica
40310183;Cultura, fezes: salmonella, shigella e escherichia coli enteropatogênicas (sorologia incluída)
40310191;Cultura, herpesvírus ou outro
40310205;Cultura, micoplasma ou ureaplasma
40310213;Cultura, urina com contagem de colônias
40310221;Estreptococos - A, teste rápido
40310230;Fungos, pesquisa de (a fresco lactofenol, tinta da China)
40310248;Hemocultura (por amostra)
40310256;Hemocultura automatizada (por amostra)
40310264;Hemocultura para bactérias anaeróbias (por amostra)
40310272;Hemophilus (bordetella) pertussis - pesquisa
40310280;Hansen, pesquisa de (por material)
40310299;Leptospira (campo escuro após concentração) pesquisa
40310302;Microorganismos - teste de sensibilidade a drogas MIC, por droga testada
40310310;Paracoccidioides, pesquisa de
40310329;Pneumocysti carinii, pesquisa por coloração especial
40310337;Rotavírus, pesquisa, Elisa
40310345;Treponema (campo escuro) - pesquisa
40310353;Vacina autógena
40310361;Citomegalovírus - shell vial - pesquisa
40310370;Microsporídia, pesquisa nas fezes
40310388;Sarcoptes scabei, pesquisa
40310400;Cultura automatizada - MICROBIOLOGIA
40310418;Antibiograma (teste de sensibilidade e antibióticos e quimioterápicos), por bactéria - não automatizado
40310426;Antibiograma automatizado
40310434;Leishmania, pesquisa
40310442;Chlamydia pneumoniae, painel
40310450;CMV para imunofluorescência direta
40310469;Cultura para listeria
40310477;Gardnerella, cultura
40310485;Helicobacter pylori, cultura de biópsia
40310493;Herpes para imunofluorescência direta
40310515;Pesquisa de antígenos bacterianos
40310523;Pesquisa de antígenos entamoeba histolytica
40310531;Poder bactericida (pós administração de antibiótico)
40310540;Protozoários, cultura para
40310558;Streptococcus B hemol cultura qualquer material
40310566;Teste de sensibilidade mycobacterium cepas de bactérias
40310574;Trichomonas, cultura para
40310582;Yersinia enterocolitica
40310590;Antígenos bacterianos / vários materiais
40310604;Antifungigrama
40310612;Chlamydia trachomatis, exame direto para vários materiais
40310620;Cultura, para agentes multirresistentes, vários materiais
40310639;Demodex folliculorum, pesquisa
40310647;Cultura quantitativa queimados (pele)
40310655;Influenza vírus, isolamento
40310663;Lactamase, teste da cepa
40310671;Cultura em leite materno
40310680;Acanthamoeba, pesquisa, vários materiais
40310698;Acanthamoeba, cultura
40310701;Corynebacterium diphiteriae, pesquisa
40310710;Pesquisa de VRE
40310728;Fungos morfologia/bioquímica
40310736;Identificação de bactérias por método sorológico/bioquímico
40311015;Ácido cítrico - pesquisa e/ou dosagem na urina
40311023;Ácido homogentísico - pesquisa e/ou dosagem na urina
40311031;Alcaptonúria  - pesquisa e/ou dosagem na urina
40311040;Cálculos urinários - análise
40311058;Catecolaminas fracionadas - dopamina, epinefrina, norepinefrina (cada) - pesquisa e/ou dosagem na urina
40311066;Cistinúria, pesquisa
40311074;Coproporfirina III - pesquisa e/ou dosagem na urina
40311082;Corpos cetônicos, pesquisa - na urina
40311090;Cromatografia de açúcares - na urina
40311104;Dismorfismo eritrocitário, pesquisa (contraste de fase) - na urina
40311112;Erros inatos do metabolismo baterias de testes químicos de triagem em urina (mínimo de 6 testes)
40311120;Frutosúria, pesquisa
40311139;Galactosúria, pesquisa
40311147;Lipóides, pesquisa - na urina
40311155;Melanina, pesquisa - na urina
40311163;Metanefrinas urinárias, dosagem
40311171;Microalbuminúria
40311180;Pesquisa ou dosagem de um componente urinário
40311198;Porfobilinogênio, pesquisa - na urina
40311201;Proteínas de Bence Jones, pesquisa - na urina
40311210;Rotina de urina (caracteres físicos, elementos anormais e sedimentoscopia)
40311228;Uroporfirinas, dosagem
40311236;2,5-hexanodiona, dosagem na urina
40311244;Cistina - pesquisa e/ou dosagem na urina
40311252;Porfobilinogênio - na urina
40311260;Acidez titulável - pesquisa e/ou dosagem na urina
40311279;Bartituratos - pesquisa e/ou dosagem na urina
40311287;Beta mercapto-lactato-disulfidúria,pesquisa - na urina
40311295;Contagem sedimentar de Addis
40311309;Eletroforese de proteínas urinárias, com concentração
40311317;Fenilcetonúria, pesquisa
40311325;Histidina, pesquisa - na urina
40311333;Inclusão citomegálica, pesquisa de células com - na urina
40311341;Mioglobina, pesquisa - na urina
40311350;Osmolalidade, determinação - na urina
40311368;Prova de concentração (Fishberg ou Volhard) - na urina
40311376;Prova de diluição - na urina
40311384;Sobrecarga de água, prova - na urina
40311392;Tirosinose, pesquisa - na urina
40311406;Fenciclidina na urina (amostra isolada)
40311414;Ferro urinário (urina 24h)
40311422;Gordura na urina, pesquisa de
40311430;Hemoglobina livre na urina (amostra isolada)
40311449;MDMA (Êxtase), triagem (urina)
40311457;Pesquisa de espermatozóide na urina
40311465;Substâncias redutoras, pesquisa (urina)
40311473;Teste de concentração urinária após DDAVP
40311481;Urina, pesquisa antígeno para Legionella
40311490;Urocitograma
40311503;Pesquisa de sulfatídeos e material metacromático na urina
40311511;Teste de fluxo lateral para detecção de lipoarabinomanano em urina (LF - LAM)
40312011;Cristalização do muco cervical, pequisa
40312020;Cromatina sexual, pesquisa
40312046;Iontoforese para a coleta de suor, com dosagem de cloro
40312054;Muco-nasal, pesquisa de eosinófilos e mastócitos
40312062;Perfil  metabólico  para  litíase  renal: sangue (Ca, P, AU, Cr) urina: (Ca, AU, P, citr, pesq. Cistina) AMP-cíclico
40312070;Gastroacidograma - secreção basal para 60' e 4 amostras após o estímulo (fornecimento de material inclusive tubagem), teste
40312089;Hollander (inclusive tubagem), teste
40312097;Pancreozima - secretina no suco duodenal, teste
40312100;Rotina da biles A, B, C e do suco duodenal (caracteres físicos e microscópicos inclusive tubagem)
40312119;Tubagem duodenal
40312127;Perfil reumatológico (ácido úrico, eletroforese de proteínas, FAN, VHS, prova do látex P/F. R, W. Rose)
40312135;pH - tornassol - pesquisa
40312143;"Prova atividade de febre reumática (aslo, eletroforese de proteínas, muco-proteínas e proteína ""C"" reativa)"
40312151;Provas de função hepática (bilirrubinas, eletroforese de proteínas, FA, TGO, TGP e Gama-PGT)
40312160;Teste do pezinho básico (TSH neonatal + fenilalanina + eletroforese de Hb para triagem de hemopatias)
40312178;Teste do pezinho ampliado (TSH neonatal + 17 OH progesterona + fenilalanina + Tripsina imuno-reativa + eletroforese de Hb para triagem de hemopatias)
40312186;Cálculo biliar, análise química
40312194;Coleta de escarro induzida
40312208;Cristalografia análise de cálculo
40312216;Esclerose múltipla, painel
40312224;Espectrometria de massa em tandem
40312232;Identificação de verme
40312240;Isolamento de microorganismos especiais
40312259;Lavado gástrico, colheita por
40312267;Líquido pleural citológico
40312275;Pepsinogenio 2
40312283;Perfil para líquidos biológicos
40312291;Proteína 14-3-3
40312305;Prova de restrição calórica
40312313;Prova fármaco-dinâmica
40312321;Semiologia para impotência
40312330;Sexagem fetal
40312364;Vírus respiratório, triagem aspirado nasofaringeo
40312372;Vírus respiratório, triagem lavado nasofaringeo
40312380;Vírus respiratório, triagem secreção orofaringe
40312399;Vírus respiratório, triagem secreção traqueal
40312402;Vírus respiratório, triagem swab nasal
40312410;Teste respiratório da xylose
40312429;Teste respiratório de intolerância a frutose
40312437;Teste respiratório de intolerância a glicose
40312445;Teste respiratório de intolerânica a lactose
40312453;Teste respiratório de intolerância a sacarose
40312461;Teste respiratório de intolerância a sorbitol
40312470;Teste respiratório da lactulose (8 amostras)
40313018;Ácido delta aminolevulínico (para chumbo inorgânico) - pesquisa e/ou dosagem
40313026;Ácido delta aminolevulínico desidratase (para chumbo inorgânico) - pesquisa e/ou dosagem
40313034;Ácido fenilglioxílico (para estireno) - pesquisa e/ou dosagem
40313042;Ácido hipúrico (para tolueno) - pesquisa e/ou dosagem
40313050;Ácido mandélico (para estireno) - pesquisa e/ou dosagem
40313069;Ácido metilhipúrico (para xilenos) - pesquisa e/ou dosagem
40313077;Ácido salicílico - pesquisa e/ou dosagem
40313085;Azida sódica, teste da (para deissulfeto de carbono)
40313093;Carboxihemoglobina (para monóxido de carbono  diclorometano) - pesquisa e/ou dosagem
40313107;Chumbo - pesquisa e/ou dosagem
40313115;Colinesterase (para carbamatos  organofosforados) - pesquisa e/ou dosagem
40313123;Coproporfirinas (para chumbo inorgânico) - pesquisa e/ou dosagem
40313131;Dialdeído malônico - pesquisa e/ou dosagem
40313140;Etanol - pesquisa e/ou dosagem
40313158;Fenol (para benzeno, fenol) - pesquisa e/ou dosagem
40313166;Flúor (para fluoretos) - pesquisa e/ou dosagem
40313182;Meta-hemoglobina (para anilina nitrobenzeno) - pesquisa e/ou dosagem
40313190;Metais Al, As, Cd, Cr, Mn, Hg, Ni, Zn, Co, outro (s) absorção atômica (cada) - pesquisa e/ou dosagem
40313204;Metanol - pesquisa e/ou dosagem
40313212;P-aminofenol (para anilina) - pesquisa e/ou dosagem
40313220;P-nitrofenol (para nitrobenzeno) - pesquisa e/ou dosagem
40313239;Protoporfirinas livres (para chumbo inorgânico) - pesquisa e/ou dosagem
40313247;Protoporfirinas Zn (para chumbo inorgânico) - pesquisa e/ou dosagem
40313255;Selênio, dosagem
40313263;Sulfatos orgânicos ou inorgânicos, pesquisa (cada)
40313271;Tiocianato (para cianetos  nitrilas alifáticas) - pesquisa e/ou dosagem
40313280;Triclorocompostos totais (para tetracloroetileno, tricloroetano, tricloroetileno) - pesquisa e/ou dosagem
40313298;Ácido acético - pesquisa e/ou dosagem
40313301;Ácido metil malônico - pesquisa e/ou dosagem
40313310;Cromo - pesquisa e/ou dosagem
40313328;Zinco - pesquisa e/ou dosagem
40313336;Salicilatos, pesquisa
40313344;Metil Etil Cetona - pesquisa e/ou dosagem
40313352;Berílio, soro
40313360;Brometo, sangue total
40314014;Apolipoproteína E, genotipagem
40314022;Citomegalovírus - qualitativo, por PCR - pesquisa
40314030;Citomegalovírus - quantitativo, por PCR - pesquisa
40314049;Cromossomo philadelfia - pesquisa
40314057;Fator V de Leiden por PCR - pesquisa
40314065;Doenças do gene CFTL (fibrose cística) pesquisa de uma mutação (DF508)
40314073;Hepatite B (qualitativo) PCR - pesquisa
40314081;Hepatite B (quantitativo) PCR - pesquisa
40314090;Hepatite C (qualitativo) por PCR - pesquisa
40314103;Hepatite C (quantitativo) por PCR - pesquisa
40314111;Hepatite C - genotipagem - pesquisa
40314120;HIV - carga viral PCR - pesquisa
40314138;HIV - qualitativo por PCR - pesquisa
40314146;HIV, genotipagem - pesquisa
40314154;HPV (vírus do papiloma humano) + subtipagem quando necessário PCR - pesquisa
40314162;HTLV I / II por PCR (cada) - pesquisa
40314170;Mycobactéria PCR - pesquisa
40314189;Parvovírus por PCR - pesquisa
40314197;Proteína S total + livre, dosagem
40314200;Rubéola por PCR - pesquisa
40314219;Sífilis por PCR - pesquisa
40314227;Toxoplasmose por PCR - pesquisa
40314235;X frágil por PCR - pesquisa
40314243;Chlamydia por biologia molecular - pesquisa
40314251;Citogenética de medula óssea
40314260;Amplificação de material por biologia molecular (outros agentes)
40314278;Pesquisa de outros agentes por PCR
40314286;Pesquisa de mutação de alelo específico por PCR
40314294;Resistência a agentes antivirais por biologia molecular (cada droga) - pesquisa
40314308;Quantificação de outros agentes por PCR
40314316;SCIH tipagem molecular de bactérias
40314324;Clonalidade para células B, detecção por PCR, vários materiais
40314332;Clonalidade para células T, detecção por PCR, sangue total
40314340;Coronavirus, detecção por PCR
40314359;Epstein BARR vírus por PCR
40314367;Hepatite B, genotipagem
40314375;Herpes vírus humano 1,2 por PCR
40314383;Herpes vírus humano 6,7 por PCR
40314391;Herpes vírus humano 8 por PCR
40314405;Herpes vírus zoster, (Varicella) por PCR
40314413;Hepatite C quantitativo por TMA
40314421;HPV, genotipagem
40314430;HLA B27, fenotipagem/genotipagem
40314448;HPV oncoproteínas virais E6/E7, pesquisa
40314456;Clostridium Difficile Toxigênico, pesquisa DNA, fezes
40314472;Detecção de bactérias e fungos em sangue periférico (Septifast), por PCR
40314480;Análise de quimerismo pós transplante (STR), cada
40314499;Teste de biologia molecular para hiperplasia adrenal congênita
40314502;HIV amplificação do DNA por PCR
40314510;Pesquisa de mutação pré-core vírus hepatite B
40314529;TMA qualitativo para hepatite C
40314537;Chlamydia, amplificação de DNA por PCR
40314545;Mycobactéria, amplificação de DNA por PCR
40314561;Vírus Zika - por PCR
40314570;Identificação multiplex por PCR painel com até 25 agentes
40314588;Identificação multiplex por PCR painel com 26 a 40 agentes
40314596;Quantificação de TRECs e KRECs
40314600;Teste molecular para nódulos de tireoide por perfil de microRNA (miRNA), por nódulo
40314618;SARS-CoV-2 (CORONAVÍRUS COVID-19) - PESQUISA POR RT - PCR
40314626;PCR em tempo real para vírus influenza A e B
40314642;Mycobacterium leprae (bacilo de hansen), detecção de resistência a antibióticos por PCR
40314650;Mycobacterium leprae (bacilo de hansen), pesquisa PCR em tempo real
40314669;Teste para detecção do vírus monkeypox (MPXV) por biologia molecular em diversos materiais biológicos, por estágio ou por local da lesão
40314677;Teste de hibridização com sonda em linha (LPA 1ª linha) para Complexo Mycobacterium Tuberculosis(MTBC)
40314685;Teste de hibridização com sonda em linha (LPA 2ª linha) para Complexo Mycobacterium Tuberculosis(MTBC)
40316017;17-alfa-hidroxiprogesterona - pesquisa e/ou dosagem
40316025;3 alfa androstonediol glucoronídeo (3ALFDADIOL) - pesquisa e/ou dosagem
40316033;Ácido vanilmandélico (VMA) - pesquisa e/ou dosagem
40316041;Adrenocorticotrófico, hormônio (ACTH) - pesquisa e/ou dosagem
40316050;Aldosterona - pesquisa e/ou dosagem
40316068;Alfa-fetoproteína - pesquisa e/ou dosagem
40316076;Androstenediona - pesquisa e/ou dosagem
40316084;Anticorpo anti-receptor de TSH (TRAB) - pesquisa e/ou dosagem
40316092;Anticorpos antiinsulina - pesquisa e/ou dosagem
40316106;Anticorpos antitireóide (tireoglobulina) - pesquisa e/ou dosagem
40316114;Antígeno Austrália (HBSAG) - pesquisa e/ou dosagem
40316122;Antígeno carcinoembriogênico (CEA) - pesquisa e/ou dosagem
40316130;Antígeno específico prostático livre (PSA livre) - pesquisa e/ou dosagem
40316149;Antígeno específico prostático total (PSA) - pesquisa e/ou dosagem
40316157;Anti-TPO - pesquisa e/ou dosagem
40316165;Calcitonina - pesquisa e/ou dosagem
40316173;Catecolaminas - pesquisa e/ou dosagem
40316181;Composto S (11-desoxicortisol) - pesquisa e/ou dosagem
40316190;Cortisol - pesquisa e/ou dosagem
40316203;Crescimento, hormônio do (HGH) - pesquisa e/ou dosagem
40316211;Dehidroepiandrosterona (DHEA) - pesquisa e/ou dosagem
40316220;Dehidrotestosterona (DHT) - pesquisa e/ou dosagem
40316238;Drogas (imunossupressora, anticonvulsivante, digitálico, etc.) cada - pesquisa e/ou dosagem
40316246;Estradiol - pesquisa e/ou dosagem
40316254;Estriol - pesquisa e/ou dosagem
40316262;Estrona - pesquisa e/ou dosagem
40316270;Ferritina - pesquisa e/ou dosagem
40316289;Folículo estimulante, hormônio (FSH) - pesquisa e/ou dosagem
40316297;Gastrina - pesquisa e/ou dosagem
40316300;Globulina de ligação de hormônios sexuais (SHBG) - pesquisa e/ou dosagem
40316319;Globulina transportadora da tiroxina (TBG) - pesquisa e/ou dosagem
40316327;Gonadotrófico coriônico, hormônio (HCG) - pesquisa e/ou dosagem
40316335;Hormônio luteinizante (LH) - pesquisa e/ou dosagem
40316343;Imunoglobulina (IGE) - pesquisa e/ou dosagem
40316351;Índice de tiroxina livre (ITL) - pesquisa e/ou dosagem
40316360;Insulina - pesquisa e/ou dosagem
40316378;Marcadores tumorais (CA 19.9, CA 125, CA 72-4, CA 15-3, etc.) cada - pesquisa e/ou dosagem
40316386;Osteocalcina - pesquisa e/ou dosagem
40316394;Peptídeo C - pesquisa e/ou dosagem
40316408;Progesterona - pesquisa e/ou dosagem
40316416;Prolactina - pesquisa e/ou dosagem
40316424;PTH - pesquisa e/ou dosagem
40316432;Renina - pesquisa e/ou dosagem
40316440;Somatomedina C (IGF1) - pesquisa e/ou dosagem
40316459;Sulfato de dehidroepiandrosterona (S-DHEA) - pesquisa e/ou dosagem
40316467;T3 livre - pesquisa e/ou dosagem
40316475;T3 retenção - pesquisa e/ou dosagem
40316483;T3 reverso - pesquisa e/ou dosagem
40316491;T4 livre - pesquisa e/ou dosagem
40316505;Testosterona livre - pesquisa e/ou dosagem
40316513;Testosterona total - pesquisa e/ou dosagem
40316521;Tireoestimulante, hormônio (TSH) - pesquisa e/ou dosagem
40316530;Tireoglobulina - pesquisa e/ou dosagem
40316548;Tiroxina (T4) - pesquisa e/ou dosagem
40316556;Triiodotironina (T3) - pesquisa e/ou dosagem
40316564;Vasopressina (ADH) - pesquisa e/ou dosagem
40316572;Vitamina B12 - pesquisa e/ou dosagem
40316580;Adiponectina
40316599;AMP cíclico nefrogênico na urina (24h)
40316602;AMP cíclico nefrogênico na urina (amostra isolada)
40316610;Anabolizantes esteróides na urina (amostra isolada)
40316629;Androsterona
40316637;Angiotensina II
40316645;Anticorpos antinucleossomo, soro
40316653;Antígenos prostático específico complexado, soro
40316661;Aquaporina 4 (AQP4)
40316670;Capacidade de ligação da vitamina B12
40316688;Corticosterona
40316696;CRH
40316718;Cromogranina A, soro
40316726;Curva de peptídeo C e insulina
40316734;Curva glicêmica (7 dosagens) via oral ou endovenosa ou potencializada
40316742;DCB
40316750;Dehidro rodamina teste de oxidação
40316769;Deoxicorticosterona, dosagem
40316777;Dosagem de 18 hidroxicortisterona
40316785;Dosagem de ácido hipúrico em urina
40316793;Dosagem de ácido trans-mucônico em urina
40316807;Fator de crescimento vascular endotelial (VEGF)
40316815;Fator II de crescimento, símile a insulina
40316823;Fator liberador hormônio do crescimento GH
40316831;Glicose após estímulo/glucagon
40316840;Glicosuria fracionada (4 dosagens)
40316858;Globulina ligadora do cortisol
40316866;Gonadotrofina coriônica - hemaglutinação ou látex
40316874;HGH estímulo com exercício e clonidina, HGH
40316882;Hipoglicemiantes (sulfonilurea painel)
40316890;Hormônio anti muleriano
40316904;Hormônio estimulador do alfa melanócito
40316912;ICA 512
40316920;IGFBP-1
40316939;IGFBP-2
40316947;Índice de recuperação da tireoglobulina
40316955;Insulina livre
40316963;Insulina total e livre
40316971;Megateste
40316998;Melatonina (sangue)
40317013;Monitorização de glicose 1 dia
40317021;Monitorização de glicose 2 dias
40317030;Monitorização de glicose 3 dias
40317056;Pregnenolona, dosagem
40317064;Pró-insulina
40317072;Proteína ligadora hormônio de crescimento GH
40317080;Prova de sobrecarga de glicose para insulina
40317099;Receptor fator de crescimento epidermal
40317102;Sub-unidade Alfa hormônios glicoproteicos
40317110;Sub-unidade Beta da gonadotrofina coriônica livre
40317129;Teste com ACTH para dosagem de DHEA
40317137;Teste com cálcio para dosar calcitonina (Calcitonina após estímulo com cálcio)
40317145;Teste com cortrosina para 17 alfa hidroxiprogesterona
40317153;Teste com estímulo para renina após captopril
40317161;Teste de estímulo com cortrosina para11 desoxicortisol
40317170;Teste de estímulo com TRH para dosagem de GH
40317188;Teste de estímulo do GH pela insulina (4 dosagens de GH)
40317196;Teste de estímulo do GH pelo exercício (cada dosagem de GH)
40317200;Teste de estímulo do GH pelo glucagon (4 dosagens de GH)
40317218;Teste de reserva funcional com l-arginina
40317226;Teste de supressão do GH pela sobrecarga de glicose (cada dosagem de GH)
40317234;Tetrahidroaldosterona
40317242;TRH, dosagem do
40317250;Curva insulínica e glicêmica clássica
40317269;Curva insulínica e glicêmica (2 dosagens)
40317277;Curva insulínica e glicêmica (3 dosagens)
40317285;Curva insulínica e glicêmica (4 dosagens)
40317293;Curva insulínica e glicêmica (5 dosagens)
40317307;Curva insulínica e glicêmica (7 dosagens)
40317315;Curva insulínica e glicêmica (8 dosagens)
40317323;Curva insulínica e glicêmica (9 dosagens)
40317331;Curva glicêmica prolongada (7 dosagens)
40317340;C-Telopeptídeo
40317366;Grelina, polipeptídeo liberador da gastrina, dosagem
40317374;Cortisol ritmo (2 dosagens)
40317382;Testosterona na saliva, dosagem
40317390;Curva insulínica e glicêmica (6 dosagens)
40317404;Metanefrinas urinária após clonidina
40317412;Paratomônio, proteína relacionada, dosagem
40317420;Proteína ligadora do hormônio de crescimento (HGH), dosagem
40317439;Restrição hídrica, teste
40317447;Teste de estímulo para cortisol com insulina (cada)
40317455;Teste para CRH para dosar ACTH e cortisol
40317463;Curva de HGH com clonidina (cada dosagem)
40317471;Prova funcional de estímulo da prolactina após TRH sem fornecimento do medicamento (por dosagem)
40317480;Prova de Testosterona, após HCG sem fornecimento do medicamento (por dosagem)
40317498;Dosagem de p2PSA
40319016;APT teste
40319024;Atividade de protease fator Von Willebrand
40319032;Cadeia Kappa leve livre
40319040;Cadeia Kappa-Lambda leve livre
40319059;Células tumorais circulante mama Cellsearch
40319067;Coenzima Q10
40319075;Fator alfa necrose tumoral
40319083;Fator B properdin, dosagem soro
40319091;Fator X ativado
40319105;Ferro medula óssea
40319113;Hemácias, contagem
40319121;Hemácias, tempo de sobrevida das
40319130;Hemoglobina fetal, dosagem
40319148;Hemólise
40319156;Índice de segmentação dos neutrófilos
40319164;Linfócitos, cultura com candida albicans
40319172;Microesferócitos, pesquisa de
40319180;Molibidenio (sangue)
40319199;Neutrófilos, pesquisa de
40319202;Pesquisa de alfa talassemia
40319210;Pesquisa de beta talassemia
40319229;Hemoglobina H, pesquisa
40319237;Protrombina fragmento 1 e 2
40319245;Prova funcional DDAVP - hemofilia
40319253;Prova funcional DDAVP - Von Willebrand (1hora)
40319261;Prova funcional DDAVP - Von Willebrand (4horas)
40319270;Tempo de Lise de Euglobulina
40319288;Teste cruzado de grupos sanguíneos
40319296;Teste de estímulo DDAQVP para dosagem de cortisol e ACTH
40319300;Viscosidade plasmática ou sanguínea
40319318;Análise de multímeros para pacientes com doença de Von Willebrand
40319326;Protrombina, pesquisa de mutação
40319334;CD 52 marcador isolado
40319342;Disfibrinogenemia, pesquisa
40319350;HPA1 genotipagem
40319369;CD3, imunofenotipagem
40319377;CD34, imunofenotipagem
40319385;Ciclina D1, imunofenotipagem
40319393;Adesividade plaquetária
40319407;Tempo de coagulação ativado (TCA)
40319415;Teste de viabilidade celular, citometria de fluxo, outros materiais
40319423;Anti-fator Xa, atividade
40319431;Cross match plaquetário
40319440;Fator II, dosagem do inibidor
40319458;Fator VII, dosagem do inibidor
40319466;Fibrinogênio quantitativo, nefelometria
40319474;Hemoglobinopatias, neonatal, sangue periférico
40319482;Imunofenotipagem Imunod nível 2
40321010;Colesterol esterificado
40321029;Deficiência da MCAD
40321037;Deficiente de carboidrato, transferrina
40321045;Dexametasona
40321053;Dióxido de carbono, dosagem
40321061;Dosagem de cafeína
40321070;Dosagem de cortisona
40321088;Dosagem de eletrólitos (sol. diálise)
40321096;Dosagem de ferro em tecido hepático
40321100;Dosagem de metilfenidato
40321118;Dosagem de mitotane
40321126;Dosagem de pema, soro
40321134;Drogas de abuso, triagem
40321142;Efexor, dosagem
40321169;Estrôncio, dosagem
40321193;Haloperidol, dosagem
40321207;Homocistina, pesquisa de
40321223;Carbapenem, dosagem - Meropenem e Imipenem
40321231;Índice de saturação de ferro
40321240;Inibina A
40321258;Inibina B, dosagem
40321266;Interleucina 10
40321274;Interleucina 1B
40321282;Interleucina 6
40321290;Isoenzimas de CPK
40321304;Isotretinoina, dosagem
40321312;Itraconazol
40321320;Ketamina, dosagem soro
40321339;Kunkel (sulfato de zinco), reação de
40321347;Levetiracetam, dosagem
40321355;Lindane, dosagem
40321363;Maconha, dosagem soro
40321371;Macroamilase
40321380;Marcadores cardíacos diagnósticos
40321398;Metanefrinas plasmáticas
40321401;Morfina (sangue)
40321410;Neurontin
40321428;Nicotina qualitativa urina (amostra isolada)
40321436;Nifedipina, dosagem
40321444;Opiáceos quantitativo (urina)
40321452;Painel qualitativo para diurético (urina)
40321460;Paroxetina, dosagem
40321479;Penicilina, dosagem
40321487;Pesquisa de nitritos
40321495;Polipeptídeo pancreático
40321509;Porfirinas fracionadas plasmáticas
40321517;Prozac, dosagem (sangue)
40321525;Reserpina, dosagem
40321533;Resistência a proteína C ativada
40321541;Respiridona, dosagem
40321550;Serotonina (sangue)
40321568;Sirolimus, dosagem
40321576;Somatostatina
40321584;Substância P, dosagem
40321592;Tioridazina, dosagem
40321606;Titânio, dosagem
40321614;Topiramato, dosagem (sangue)
40321622;Toxina botulinica, pesquisa (alimentos)
40321630;Toxina botulinica, pesquisa (sangue)
40321657;Trifluoperazina, dosagem soro
40321665;Triptase, dosagem
40321673;Vanádio, dosagem
40321681;Vigabatrina, dosagem
40321690;Cefalexina dosagem
40321703;Ceftriaxona dosagem
40321711;Clindamicina, dosagem
40321720;Clobazam dosagem
40321738;Clonazepan, dosagem
40321746;Clorpromazina, dosagem
40321754;Clozapina, dosagem
40321762;Colinesterase com inibição de Dibucaina
40321770;Disopiramida, dosagem
40321789;Dissulfiram, dosagem
40321797;Doxepina, dosagem
40321800;Flunitrazepam, dosagem
40321819;Fluoxetina, dosagem
40321827;Galactocerebrosidase, dosagem
40321835;Heroína, dosagem
40321843;Heroína, dosagem, cabelo
40321851;Interleucina 4, dosagem
40321860;Interleucina 8, dosagem
40321878;Iodo, dosagem na urina
40321886;Isopropanol, sangue total
40321894;Lioresal, dosagem
40321908;Isopropanol, urina
40321916;Lorazepam, dosagem
40321924;LSD, dosagem
40321932;LSD, dosagem cabelo
40321940;Macrocreatinoquinase, pesquisa
40321959;Manganes eritrocitário, dosagem
40321967;Manganes sérico, dosagem
40321975;Maprotilina, dosagem
40321983;Midazolam, dosagem
40321991;Opiaceos, detecção
40322017;Opiaceos, detecção no cabelo
40322025;Pirimetamina, dosagem
40322033;Serotonina, dosagem urinária
40322041;Sulfadiazina, dosagem
40322050;Sulfametoxazol, dosagem
40322068;Sulfapiridina, dosagem
40322076;Sulfisoxazol, dosagem
40322084;Swelling test
40322092;Tetrahidrocanabinol (maconha), dosagem
40322106;Tetrahidrocanabinol (maconha), dosagem, cabelo
40322114;Vancomicina, dosagem
40322122;Vitamina H (Biotina), dosagem
40322130;Zolpidem, dosagem
40322149;Ácido 2 Tio-Tiazolidina 4 carboxílico
40322157;Ácido fitânico
40322165;Ácido hialuronico
40322173;Iduronato-2 sulfatase, dosagem
40322181;N-Acetilgalactosaminidase, dosagem
40322190;N-Acetilglicosaminidase, dosagem
40322203;Neopterina, dosagem
40322211;N-Metil formamida, dosagem
40322220;Pentaclorofenol, dosagem
40322238;Piretróides inseticidas, dosagem
40322246;Receptor solúvel de transferrina
40322254;Superoxido dismutase, dosagem
40322262;Vitamina B5 (Pantofenato), dosagem
40322270;Ácido cítrico (Citrato), dosagem sangue
40322289;Ácido cítrico (Citrato), dosagem esperma
40322297;Creatina eritrocitária
40322300;Curva glicêmica clássica (5 dosagens)
40322319;Everolimus, dosagem
40322327;Radicais livre no soro
40322335;Radicais livre na urina
40322343;Teste de absorção de triglicérides (sobrecarga)
40322351;10,11 Epóxido carbamazepinam, soro
40322360;Alfa fetoproteína L3, líquor
40322378;Albumina, líquor
40322386;Alfa-galactosidade, dosagem plásmatica
40322394;Alfa L-iduronase, plasma
40322408;Bicarbonato na urina, amostra isolada
40322416;Carnitina, dosagem
40322424;Cistatina C, dosagem no sangue
40322432;Cobre eritrocitário, dosagem
40322440;Cocaína, dosagem, sangue total
40322459;Colesterol LDL peroxidada
40322467;Índice de ácido úrico/creatinina
40322475;Índice de cálcio/creatinina
40322483;Índice de proteína/creatinina
40322491;Tripsina, dosagem
40322505;Zinco eritrocitário, dosagem
40322513;Transcobalamina, dosagem
40322521;Acetoacetato, dosagem
40322530;Biperideno, dosagem
40322548;Catalase eritrocitária
40322556;1,3-Beta-D-Glucan, soro
40322564;Amiloidose - TTR
40322572;Determinação da razão dos níveis séricos in vitro da tirosina-quinase-1 semelhante a fms solúvel (sFlt-1): fator de crescimento placentário (PlGF) por eletroquimioluminescência
40323013;Anticorpos GQ1B - IgG
40323021;Anticorpos Hama
40323030;Acetilcolina, anticorpos ligador receptor
40323048;Acetilcolina, anticorpos modulador receptor
40323056;Anticorpos neutralizado do interferon
40323064;Anticorpos PLA-2, soro
40323080;Anticorpos protombina - IgG/IgM
40323099;Anticorpos vírus Herpes  8
40323102;Antigenemia para citomegalovirus
40323110;Antígenos de aspergillus galactomannan
40323129;Antígenos inalatórios anticorpos
40323137;Antígenos proteinas S
40323145;BTA qualitatitvo na urina (amostra isolada)
40323153;C4d fragmento
40323161;C6 complemento
40323170;C7 complemento
40323188;C8 complemento
40323196;C9 complemento
40323200;Campylobacter, sorologia
40323218;Cisticercose Western Blot
40323234;Coxsackie A,
40323242;Detecção antígeno histoplasma (urina)
40323250;Detecção de CMV para RNA nasba
40323269;Detecção de enterovirus no líquor
40323307;Entamoeba histolytica, pesquisa (abscesso hepático)
40323315;Epstein BARR antígeno nuclear - IgM
40323323;Esquisocitos, pesquisa de
40323331;Febre amarela, sorologia
40323340;Febre do mediterrâneo
40323358;Fenotiazinas qualitativas urina
40323366;Fenotipagem virtual para HIV
40323374;Fosfatidil glicerol - IgG/IgM/IgA
40323382;Fosfatidiletanolamina - IgG/IgM/IgA
40323404;Hepatite E - IgM/IgG
40323412;Heptimax, dosagem
40323420;Herpes vírus 7 - IgG/IgM
40323439;Herpes vírus, citologia (pesquisa de células herpet) ou IFD
40323447;Hipersensibilidade pneumonite triagem
40323455;Histoplasma, pesquisa de
40323471;HLA locus C
40323480;Imunofenotipagem T e B
40323498;Isoprostano
40323501;Kleihauer
40323510;Lyme para Western Blot
40323528;Mata autoanticorpo
40323536;Neisseria meningitidis IgG resp vacinal
40323552;Neuropatia motora, painel
40323579;Perfil para anticorpos anti gangliosídeo
40323587;Pesquisa antígeno da legionella
40323595;Pesquisa de adenovirus
40323609;Pesquisa de antígenos de giardia lamblia
40323617;Pesquisa de células Tzanck
40323625;Pesquisa de influenza A e B por imunofluorescência
40323641;Pesquisa direta anticorpos anti plaqueta - IgG
40323650;Pesquisa para Gardnerella
40323668;Pesquisa para haemophilus ducreyi
40323676;Pesquisa rápida para influenza A e B
40323684;Pesquisa rápida para vírus sincicial respiratório
40323692;Plaquetas induzidas por heparina anticorpo
40323706;Proteína C antígeno
40323714;Proteína ligadora fração C4 complemento
40323722;Proteína para ribossomal anticorpo soro
40323730;Reatividade contra painel de linfócitos
40323749;Receptor de interleucina 2
40323757;Rubéola, IHA para
40323765;Screening para anticorpos anti HLA
40323773;Sorologia para Babesia microti
40323781;Sorologia para febre da montanha rochosa
40323790;Sub-classes de IgA
40323803;T3 autoanticorpo
40323811;T4 autoanticorpo
40323846;Tularemia, anti
40323854;Unidades avançadas - triagem HCG
40323862;Vírus respiratório, pesquisa rápida
40323870;West Nile sorologia líquor LCR
40323889;ZAP-70
40323897;Anticorpos antidifteria
40323900;Anticorpos antitétano
40323919;Teste rápido para detecção de HIV em gestante
40323927;Filagrina, anticorpos IgG
40323935;Bartonella, anticorpos IgG
40323943;Bartonella, anticorpos IgM
40323951;Borrelia burgdorferi em líquor, anticorpos IgG
40323960;Borrelia burgdorferi em líquor, anticorpos IgM
40323978;Cadeias leves livres Kappa/Lambda em urina, dosagem
40323986;Calprotectina, detecção nas fezes
40323994;Contraimunoeletroforese
40324010;Bordetella pertussis (Coqueluche) anticorpos IgG
40324028;Coxiella burnetti (febre Q), anticorpos IgG
40324036;Coxiella burnetti (febre Q), anticorpos IgM
40324044;Coxsackie A9, anticorpos IgM
40324052;Coxsackie B1-6, anticorpos IgM
40324060;Epstein BARR vírus antígeno precoce, anticorpos
40324079;HIV1/2, anticorpos (teste rápido)
40324087;Imunoglobulina M, dosagem no líquor
40324095;LKM, pesquisa de anticorpos por Western Blot
40324109;Norovirus, pesquisa
40324117;Profilagrina, anticorpos IgG
40324125;Proteinase 3, anticorpo
40324141;SP 100/PML, anticorpo IgG
40324150;Neuronal nuclear IgG, anticorpos, soro
40324168;Complemento C1 R, pesquisa e/ou dosagem
40324176;Chikungunya, anticorpos
40324184;Gangliosídeo 4, anticorpos
40324192;Antígeno NS1 do vírus da dengue, pesquisa
40324206;Antígenos de histocompatibilidade (séries A ou B)
40324214;Anticorpos contra canal de potássio regulado por voltagem
40324222;Fosfatidilserina, anticorpos IgG
40324230;Fosfatidilserina, anticorpos IgM
40324249;Fosfatidilserina, anticorpos IgA
40324257;HU (anti neurônio), anticorpos
40324265;Cadeias leves livres Kappa/Lambda, dosagem, sangue
40324273;Cadeias leves livres Kappa/Lambda, dosagem, líquor
40324290;Chlamydia pneumoniae, anticorpos, IgA
40324303;CTX interligadores C terminais
40324311;Profilagrina, anticorpos, soro
40324320;Filagrina, anticorpos, soro
40324338;Glicoproteína Beta 2, anticorpos, IgG
40324346;Glicoproteína Beta 2, anticorpos, IgM
40324354;Glicoproteína Beta 2, anticorpos, IgA
40324362;Hepatite E - anticorpos IgG
40324370;Hepatite E - anticorpos, IgM
40324389;HLA-DQ, teste de histocompatibilidade de alta resolução, sangue total
40324397;Imunoglobulina G, líquor
40324400;Mitocôndria, pesquisa de anticorpos por Western Blot, soro
40324419;Saccharomyces cerevisiae (ASCA), anticorpos, IgA
40324427;Saccharomyces cerevisiae (ASCA), anticorpos, IgG
40324435;Receptor insulina, anticorpos
40324443;Rotavírus, anticorpos
40324451;Antígeno HTLV III (HIV), EIE
40324460;Estreptococus A, sorologia
40324478;Imunoglobulina A, dosagem no líquor
40324486;Trichinella Spiralis, anticorpos
40324494;RNA Polimerase III, anticorpos
40324508;Mycobacterium Tuberculosis, IgM, anticorpos
40324516;Células Sesary, pesquisa
40324524;Determinação de Apoptose
40324532;Tirosina Fosfatase (IA2), anticorpos
40324559;Dengue, anticorpos IgG, soro (teste rápido)
40324567;Dengue, anticorpos IgM, soro (teste rápido)
40324575;Ehrlichia chaffeensis, sorologia para
40324583;Toxina butoliníca A, anticorpo
40324591;Vírus Zika - IgG
40324605;Vírus Zika – IgM
40324613;Febre amarela - IgG
40324621;Febre amarela - IgM
40324630;Febre amarela, pesquisa por PCR
40324648;Ensaio para dosagem da liberação de interferon gama
40324656;Anticorpo anti-NMDAR
40324664;Anticorpo anti-MOG
40324672;Anticorpo anti-AMPAR, dosagem sangue
40324680;Anticorpos anti-GABAR
40324699;Anticorpos anti-LGI1, dosagem sangue
40324702;Anticorpos anti-CASPR2
40324710;Anticorpos anti-HMG-CoA redutase (anti-hmgcoar), dosagem
40324729;Anticorpos anti tiroquinase músculo específica (anti-MUSK), dosagem
40324737;Anticorpos anti-VGKC, dosagem
40324745;Anticorpo anti-LGi1, dosagem líquor
40324753;Anticorpo anti-AMPAR, dosagem líquor
40324761;Anti HU (ANNA1), dosagem líquor
40324770;SARS-CoV-2 (Coronavírus COVID-19), pesquisa de anticorpos IgA, IgG ou IgM (cada par)
40324788;SARS-CoV-2 (Coronavírus COVID-19), pesquisa de anticorpos IgA, IgG ou IgM, isolada por classe de imunoglobulina
40324796;SARS-CoV-2 (Coronavírus COVID-19), pesquisa de anticorpos totais (IgA, IgG, IgM)
40324800;Teste anti-SARS-CoV-2 (Coronavírus COVID-19), pesquisa quantitativa de anticorpos (IgG) neutralizantes
40325016;Teste SARS-COV-2 (Coronavírus COVID-19), teste rápido para anticorpos totais, IgM ou IgG, IgM e IgG
40325024;Teste SARS-COV-2 (Coronavírus COVID-19), teste rápido para detecção de antígeno
40325040;Mycobacterium leprae (bacilo de hansen), IgM, anticorpos (teste rápido)
40401014;Transfusão (ato médico ambulatorial ou hospitalar)
40401022;Transfusão (ato médico de acompanhamento)
40401030;Exsanguíneo  transfusão
40401049;Transfusão fetal intra-uterina
40401057;Aférese para paciente ABO incompatível
40402010;Material descartável (kit) e soluções para utilização de processadora automática de sangue / auto transfusão intra-operatória
40402029;Material descartável (kit) e soluções para utilização de processadora automática de sangue/aférese
40402037;Sangria terapêutica
40402045;Unidade de concentrado de hemácias
40402053;Unidade de concentrado de hemácias lavadas
40402061;Unidade de concentrado de plaquetas por aférese
40402070;Unidade de concentrado de plaquetas randômicas
40402088;Unidade de crioprecipitado de fator anti-hemofílico
40402096;Unidade de plasma
40402100;Unidade de sangue total
40402118;Deleucotização de unidade de concentrado de hemácias - por unidade
40402126;Deleucotização de unidade de concentrado de plaquetas - até 6 unidades
40402134;Irradiação de componentes hemoterápicos
40402142;Deleucotização de unidade de concentrado de plaquetas - entre 7 e 12 unidades
40402150;Unidade de concentrado de granulócitos
40402169;Unidade de concentrado de plaquetas (dupla centrifugação)
40402177;Concentrado de hemácias CMV negativos
40402185;Operação de processadora automática de sangue em aférese
40402193;Operação de processadora automática de sangue em autotransfusão intra-operatória
40402207;Depleção de plasma em TCTH alogênicos com incompatibilidade ABO menor
40402215;Sedimentação de hemácias em Transplante de Células-Tronco Hematopoéticas (TCTH) alogênicos com incompatibilidade ABO maior
40402223;Operação  de  processadora de  sangue  em  fotoaférese  extra  corpórea  (FEC) 
40402231;Material descartável contendo kit para sistema integrado de FEC e solução fotossensibilizante
40403017;Acompanhamento  hospitalar/dia  do  transplante   de  medula   óssea  por médico  hematologista  e/ou hemoterapeuta
40403025;Anticorpos eritrocitários naturais e imunes - titulagem
40403033;Aplicação de medula óssea ou células tronco
40403041;Coleta de células tronco de sangue de cordão umbilical para transplante de medula óssea
40403050;Coleta de células tronco por processadora automática para transplante de medula óssea - por procedimento de aférese
40403068;Coleta de biópsia de medula óssea por agulha
40403076;Coleta de medula óssea para transplante - por procedimento
40403084;Determinação de células CD34, CD45 positivas - Citômetro de Fluxo
40403092;Determinação de conteúdo de DNA - Citômetro de Fluxo
40403106;Eletroforese de hemoglobina por componente hemoterápico
40403130;Fenotipagem de outros sistemas eritrocitários - por fenótipo
40403149;Fenotipagem de outros sistemas eritrocitários - por fenótipo - gel teste
40403157;Fenotipagem do sistema RH-HR (D, C, E, C E C) gel teste
40403165;Fenotipagem do sistema RH-HR (D, C, E, C, E)
40403173;Grupo sanguíneo ABO e RH - pesquisa
40403181;Grupo sanguíneo ABO e RH - gel teste - pesquisa
40403190;Identificação de anticorpos séricos irregulares antieritrocitários - método de eluição
40403203;Identificação de anticorpos séricos irregulares antieritrocitários - painel de hemácias enzimático
40403211;Identificação de anticorpos séricos irregulares antieritrocitários com painel de hemácias
40403220;Identificação de anticorpos séricos irregulares antieritrocitários com painel de hemácias tratadas por enzimas
40403238;Identificação de anticorpos séricos irregulares antieritrocitários com painel de hemácias - gel liss
40403246;Imunofenotipagem de subpopulações linfocitárias - Citômetro de Fluxo
40403254;Imunofenotipagem para classificação de leucemias - Citômetro de Fluxo
40403262;NAT/HCV por componente hemoterápico - pesquisa e/ou dosagem
40403289;NAT/HIV por componente hemoterápico - pesquisa e/ou dosagem
40403327;Pesquisa de anticorpos séricos antieritrocitários, anti-A e/ou anti-B - gel teste
40403335;Pesquisa de anticorpos séricos antieritrocitários, anti-A e/ou anti-B - em tubo
40403343;Pesquisa de anticorpos séricos irregulares antieritrocitários - em tubo
40403351;Pesquisa de anticorpos séricos irregulares antieritrocitários - gel teste
40403360;Pesquisa de anticorpos séricos irregulares antieritrocitários - método de eluição - em tubo
40403378;Pesquisa de anticorpos séricos irregulares antieritrocitários a frio
40403386;Pesquisa de hemoglobina S por componente hemoterápico - gel teste
40403408;Prova de compatibilidade pré-transfusional completa - em tubo
40403416;Prova de compatibilidade pré-transfusional completa - gel teste
40403424;S. Anti-HTLV-I + HTLV-II (determinação conjunta) por componente hemoterápico
40403440;S. Chagas EIE por componente hemoterápico - pesquisa e/ou dosagem
40403467;S. Hepatite B anti-HBC por componente hemoterápico - pesquisa e/ou dosagem
40403483;S. Hepatite C anti-HCV por componente hemoterápico - pesquisa e/ou dosagem
40403505;S. HIV EIE por componente hemoterápico - pesquisa e/ou dosagem
40403521;S. Malária IFI por componente hemoterápico - pesquisa e/ou dosagem
40403548;S. Sífilis EIE por componente hemoterápico - pesquisa e/ou dosagem
40403564;S. Sífilis FTA - ABS por componente hemoterápico - pesquisa e/ou dosagem
40403580;S. Sífilis HA por componente hemoterápico - pesquisa e/ou dosagem
40403602;S. Sífilis VDRL por componente hemoterápico - pesquisa e/ou dosagem
40403629;S. Chagas HA por componente hemoterápico - pesquisa e/ou dosagem
40403645;S. Chagas IFI por componente hemoterápico - pesquisa e/ou dosagem
40403661;S. Hepatite B (HBsAg) RIE ou EIE por componente hemoterápico - pesquisa e/ou dosagem
40403688;Teste de Coombs direto - em tubo
40403696;Teste de Coombs direto - gel teste
40403700;Teste de Coombs direto - mono específico (IgG, IgA, C3, C3D, Poliv. - AGH) - gel teste
40403718;Teste de Coombs indireto - mono específico (IgG, IgA, C3, C3D, Poliv. - AGH) - gel teste
40403726;TMO - congelamento de medula óssea ou células tronco periféricas - por procedimento
40403734;TMO - cultura de linfócitos doador e receptor
40403742;TMO - descongelamento de medula óssea ou células tronco
40403750;TMO - determinação de HLA   transplantes de medula óssea - loci DR e DQ (alta resolução)
40403769;TMO - determinação de HLA para transplantes de medula óssea - loci A e B
40403777;TMO - determinação de HLA para transplantes de medula óssea - loci DR e DQ (baixa resolução)
40403785;TMO - determinação de unidades formadoras de colônias
40403793;TMO - determinação de viabilidade de medula óssea
40403807;TMO - manutenção de congelamento de medula óssea ou células tronco (até 2 anos)
40403815;TMO - preparo de medula óssea ou células tronco periféricas para congelamento - por procedimento 
40403823;TMO - preparo e filtração de medula óssea ou células tronco na coleta - por procedimento
40403831;"TMO - tratamento ""in vitro"" de medula óssea ou células tronco por anticorpos monoclonais (purging)(4) - por procedimento"
40403840;Transaminase pirúvica - TGP ou ALT por componente hemoterápico - pesquisa e/ou dosagem
40403890;NAT/HBV - por componente hemoterápico - pesquisa e/ou dosagem
40403912;Estimulação e mobilização de células CD34 positivas
40403920;Determinação do fator RH (D), incluindo prova para D-fraco no sangue do receptor
40403939;Doação autóloga com recuperação intra-operatória
40403947;Doação autóloga peri-operatória por hemodiluição normovolêmica
40403955;Doação autóloga pré-operatória
40403963;Exames imunohematológicos em recém-nascidos: tipificação ABO e RH, pesquisa de D fraco RH(D) e prova da antiglobulina direta
40403971;Imuno-hematológicos: tipificação ABO, incluindo tipagem reversa e determinação do fator RH (D), incluindo prova para D-fraco e pesquisa e identificação de anticorpos séricos irregulares antieritrocitários
40403980;Investigação da presença de anti-A ou anti-B, em soro ou plasma de neonato, com métodos que incluam uma fase antiglobulínica
40403998;Tipificação ABO, incluindo tipagem reversa no sangue do receptor (sem tipagem reversa até 4 meses de idade)
40404013;TMO - prova cruzada para histocompatibilidade de transplante de medula óssea
40404030;Antigenemia para diagnóstico de CMV pós transplante
40404048;Avaliação quimerismo - VNTR ou STR - doador - pré transplante
40404056;Avaliação quimerismo - VNTR ou STR - paciente - pré transplante
40404064;Análise quimerismo receptor - VNTC ou STR - paciente - pós transplante
40404072;Coleta de linfócitos de sangue periférico por aférese para tratamento de recidivas pós TCTH alogênico
40404080;Controle microbiológico da medula óssea no TCTH alogênico
40404099;Controle microbiológico das células tronco periféricas no TCTH alogênico
40404110;PCR em tempo real para diagnóstico de adenovírus
40404129;PCR em tempo real para diagnóstico de EBV - pós transplante
40404137;PCR em tempo real para diagnóstico de Herpes virus 6 - pos transplante
40404145;PCR em tempo real para diagnóstico de Herpes virus 8 - pos transplante
40404153;PCR em tempo real para os vírus parainfluenza e influenza
40404161;PCR em tempo real para vírus respiratório sincicial
40404170;Quantificação de CD14 da coleta de células tronco periféricas para TCTH alogênico
40404188;Quantificação de CD19 da coleta de células tronco periféricas para TCTH alogênico
40404196;Quantificação de CD3  da coleta de células tronco periféricas para TCTH alogênico
40404200;Quantificação de CD3  da coleta de linfócitos para tratamento de recidivas pós TCTH alogênico
40404218;Quantificação de CD4 da coleta de células tronco periféricas para TCTH alogênico
40404226;Quantificação de CD8 da coleta de células tronco periféricas para TCTH alogênico
40404234;Quantificação de leucócitos totais da coleta de células tronco periféricas para TCTH alogênico
40404242;Quantificação de leucócitos totais da Medula Óssea no TCTH alogênico
40404269;Viabilidade celular dos linfócitos periféricos por citometria de fluxo para tratamento das recidivas pós TCTH alogênico
40404277;Viabilidade celular da medula óssea por citometria de fluxo após o descongelamento
40404285;Viabilidade celular das células tronco periféricas por citometria de fluxo após o descongelamento
40404293;Genotipagem Duffy_Gata
40404307;Genotipagem Kell
40404315;Genotipagem Kidd
40404323;Genotipagem para zigosidade D
40404331;Genotipagem RhD parcial
40404340;Imunofluorescência direta de pele
40404358;Descalcificação de tecido, anatomia patológica
40404366;NAT teste de ácido nucleico HIV/HCV/HBV
40404374;S. Anticorpo anti-CMV (IgG), por unidade de sangue total
40404382;S. Anticorpo anti-CMV (IgM), por unidade de sangue total
40404390;Concentrado de hemácias raras congeladas
40404404;Fenotipagem do sistema RH-HR (D, C, E, C, E) e Kell
40404412;Fotoférese
40404420;Genotipagem completa plaquetária (HPA 1, 6 e 15)
40404439;Genotipagem HPA por sistema
40404447;Genotipagem RHD, Cc, Ec, Pse, K, Kid, Df, Gata
40404455;Genotipagem RHD, Cc, Ee, Pseudogene
40404463;Genotipagem RHD, Cc, Ee, Pseudogene, Kell
40404471;Genotipagem Ss
40404480;Granulócitos CMV negativos
40404498;Pesquisa de hemolisina
40404501;Pesquisa e identificação de anticorpos plaquetários (MAIPA)
40404510;Plaquetaférese CMV negativos
40404528;Plaquetaférese HLA compatível
40404536;Prova de compatibilidade para transfusão de plaquetas (MAIPA)
40404544;Técnicas de adsorção
40404552;Controle bacteriológico para concentrado de plaquetas
40404560;Pesquisa de anticorpos séricos irregulares antieritrocitários - método de eluição - gel teste
40404579;Identificação de anticorpos anti-eritrocitários a frio em gel
40501019;Cariótipo com bandas de pele, tumor e demais tecidos
40501027;Cariótipo com pesquisa de troca de cromátides irmãs
40501035;Cariótipo com técnicas de alta resolução
40501043;Cariótipo de medula (técnicas com bandas)
40501051;Cariótipo de sangue (técnicas com bandas)
40501060;Cariótipo de sangue obtido por cordocentese pré-natal
40501078;Cariótipo de sangue-pesquisa de marcadores tumorais
40501086;Cariótipo de sangue-pesquisa de sítio frágil X
40501094;Cariótipo em vilosidades coriônicas (cultivo de trofoblastos)
40501108;Cariótipo para pesquisa de instabilidade cromossômica
40501116;Cromatina X ou Y
40501124;Cultura de material de aborto e obtenção de cariótipo
40501132;Cultura de tecido para ensaio enzimático e/ou extração de DNA
40501140;Diagnóstico genético pré-implantação por fish, por sonda
40501159;Fish em metáfase ou núcleo interfásico, por sonda
40501167;Fish pré-natal, por sonda
40501175;Líquido amniótico, cariótipo com bandas
40501183;Líquido amniótico, vilosidades coriônicas, subcultura para dosagens bioquímicas e/ou moleculares (adicional)
40501191;Subcultura de pele para dosagens bioquímicas e/ou moleculares (adicional)
40501205;Estudo de alterações cromossômicas em leucemias por FISH (Fluorescence In Situ Hybridization)
40501213;Pesquisa de translocação PML/RAR-a
40501221;Cariótipo de sangue (técnicas com bandas) - Análise de 50 células para detecção de mosaicismo
40501230;Cultura de fibroblastos (pele)
40501248;HER2 FISH para amplificação gênica em tumor de mama
40501256;HER2 CISH para amplificação gênica em tumor de mama
40501264;"Translocação PML/RARA  t(15;17) FISH em medula óssea"
40501272;"Translocação PML/RARA  t(15;17) FISH em sangue periférico"
40501280;Hibridização in situ pela prata ou cromogênica  (CISH) - Histoquímica
40502015;Marcadores bioquímicos extras, além de BHCG, AFP e PAPP-A, para avaliação do risco fetal, por marcador, por amostra
40502040;Baterias de testes químicos de triagem em urina para erros inatos do metabolismo (mínimo de seis testes)
40502058;Determinação do risco fetal, com elaboração de laudo
40502066;Dosagem quantitativa de ácidos orgânicos, carnitina, perfil de acilcarnitina, ácidos graxos de cadeia muito longa, para o diagnóstico de erros inatos do metabolismo (perfil em uma amostra)
40502074;Dosagem quantitativa de aminoácidos para o diagnóstico de erros inatos do metabolismo (perfil de aminoácidos numa amostra)
40502082;Dosagem quantitativa de metabólitos na urina e/ou sangue para o diagnóstico de erros inatos do metabolismo (cada)
40502090;Eletroforese ou cromatografia (papel ou camada delgada) para identificação de aminoácidos ou glicídios ou oligossacarídios ou sialoligossacarídios glicosaminoglicanos ou outros compostos para detecção de erros inatos do metabolismo (cada)
40502104;Ensaios enzimáticos em células cultivadas para diagnóstico de EIM, incluindo preparo do material, dosagem de proteína e enzima de referência (cada)
40502112;Ensaios enzimáticos em leucócitos, eritrócitos ou tecidos para diagnóstico de EIM, incluindo preparo do material, dosagem de proteína e enzima de referência (cada)
40502120;Ensaios enzimáticos no plasma para diagnóstico de EIM, incluindo enzima de referência (cada)
40502139;Teste duplo - 1 trimestre (PAPP-A+Beta-HCG) ou outros 2 em soro ou líquido aminiótico com elaboração de laudo contendo cálculo de risco para anomalias fetais
40502147;Teste duplo - 2 trimestre (AFP+Beta-HCG) ou outros 2 em soro ou líquido aminiótico com elaboração de laudo contendo cálculo de risco para anomalias fetais
40502155;Teste triplo (AFP+Beta-HCG+Estriol) ou outros 3 em soro ou líquido aminiótico com elaboração de laudo contendo cálculo de risco para anomalias fetais
40502163;Testes químicos de triagem em urina para erros inatos do metabolismo (cada)
40502171;Dosagem quantitativa de carnitina e perfil de acilcarnitina, para o diagnóstico de erros inatos do metabolismo
40502180;Dosagem quantitativa de ácidos graxos de cadeia muito longa  para o diagnóstico de EIM
40502198;Dosagem quantitativa de metabólitos por cromatografia / espectrometria de massa  (CG/MS ou HPLC/MS ) para o diagnóstico de EIM
40502201;Dosagem quantitativa de metabólitos por espectrometria de massa ou espectrometria de massa em TANDEM (MS OU MS/MS) para o diagnóstico de EIM
40502210;Terapia de reposição enzimática por infusão endovenosa, por procedimento
40502228;Rastreamento neonatal para o diagnósitco de EIM e outras doenças
40502236;Dosagem quantitativa de ácidos orgânicos para o diagnóstico de erros inatos do metabolismo (perfil de ácidos orgânicos numa amostra)
40502244;Defeitos congênitos da glicolização - Focalização isoelétrica da transferrina
40503011;Análise de DNA com enzimas de restrição por enzima utilizada, por amostra
40503020;Análise de DNA fetal por enzima de restrição, por enzima utilizada, por amostra (adicional nos exames em que já foi feito o PCR 4.05.03.06-2 e depende da enzima para estabelecer o diagnóstico)
40503038;Análise de DNA fetal por sonda ou PCR por locus, por amostra
40503046;Análise de DNA pela técnica multiplex por locus extra, por amostra
40503054;Análise de DNA pela técnica multiplex por locus, por amostra
40503062;Análise de DNA por sonda, ou PCR por locus, por amostra
40503070;Diagnóstico genético pré-implantação por DNA, por sonda de FISH ou por primer de PCR, por amostra
40503089;Extração de DNA (osso), por amostra
40503097;Extração de DNA (sangue, urina, líquido aminiótico, vilo trofoblástico etc.), por amostra
40503100;Identificação de mutação por sequenciamento do DNA, por 100 pares de base sequenciadas, por amostra
40503119;Processamento de qualquer tipo de amostra biológica para estabilização do ácido nucléico, por amostra
40503127;Extração, purificação e quantificação de ácido nucléico de qualquer tipo de amostra biológica, por amostra
40503135;Transcrição reversa de RNA, por amostra
40503143;Amplificação do material genético (por PCR, PCR em tempo Real, LCR, RT-PCR ou outras técnicas), por primer utilizado, por amostra
40503151;Análise de DNA por MLPA, por sonda de DNA utilizada, por amostra
40503160;Análise de DNA pela técnica de Southern Blot, por sonda utilizada, por amostra
40503178;Produção de DOT/SLOT-BLOT, por BLOT, por amostra
40503186;Separação do material genético por eletroforese capilar ou em gel (agarose, acrilamida), por gel utilizado, por amostra
40503194;Rastreamento de exon mutado (por gradiente de desnaturação ou conformação de polimorfismo de fita simples ou RNAse ou Clivagem Química ou outras técnicas) para identificação de fragmento mutado, por fragmento analisado, por amostra
40503208;Coloração de gel e Fotodocumentação da análise molecular, por amostra
40503216;Interpretação e elaboração do laudo da análise genética, por amostra
40503224;Análise de expressão gênica por locus, por amostra, por CGH array, SNP array ou outras técnicas
40503232;Detecção pré-natal ou pós-natal de alterações cromossômicas submicroscópicas reconhecidamente causadoras de síndrome de genes contíguos, por FISH, qPCR ou outra técnica, por locus, por amostra
40503240;Rastreamento pré-natal ou pós-natal de todo o genoma para  identificar alterações cromossômicas submicroscópicas por CGH-array ou SNP-array ou outras técnicas, por clone ou oligo utilizado, por amostra
40503259;Validação pré-natal ou pós-natal de alteração cromossômica submicroscópica detectada no rastreamento genômico, por FISH ou qPCR ou outra técnica, por locus, por amostra
40503267;Translocação AML1-ETO t(8,21) por PCR
40503275;Análise da mutação IgVH-cadeia pesada da imunoglobulina
40503283;CCR-5, pesquisa de mutação por PCR
40503291;Citocromo P450 2C19 genotipagem
40503305;Colinesterase, estudo genético
40503313;Cromossomo Y, microdeleções por PCR
40503321;Diabetes tipo MODY 2, teste genético
40503330;Diabetes tipo MODY 3, teste genético
40503348;Distrofia miotonica, análise por DNA
40503356;Disautonomia familiar, análise por DNA
40503364;Neurofibromatose tipo 1, estudo molecular
40503372;JAK2 (gene), detecção das mutações por PCR
40503380;CCND1 e IGH (genes), hibridização in situ por fluore
40503399;Hemofilia A, análise do DNA
40503402;Hemofilia B, análise do DNA
40503410;Hipolactasia, análise molecular
40503429;Hormônio de crescimento, estudo do gene receptor
40503437;Hormônio de crescimento, estudo molecular do gene
40503445;Neoplasia endócrina múltipla, tipo 1, sangue total
40503453;Hemocromatose, análise por PCR
40503461;Prader-Willi/Angelman, síndrome, diagnóstico
40503470;PROP1, estudo molecular do gene, sangue total
40503488;PTPN11, estudo molecular do gene, sangue total
40503496;Rearranjo 8q24 fish (medula óssea)
40503500;Rearranjo 8q24 fish (sangue)
40503518;Rearranjo BCL6 3q27 (NHL) fish
40503526;Rearranjo gênico células B por PCR
40503534;Rearranjo gênico células T por PCR
40503542;Rearranjo gênico quantitativo BCR/ABL por PCR
40503550;Receptor 4 do melanocorticotropina, estudo molecular do gene
40503569;Sensibilidade genética a Warfarina padrão
40503577;SHOX, estudo molecular do gene, sangue total
40503585;"Translocação 4;14 fish (IgH/FGFR3)"
40503593;C kit análise mutacional
40503607;CYP21, estudo molecular do gene, sangue
40503615;Detecção de Del/Dupl no gene MLH1 MSH2
40503623;Detecção de mutações no gene MLH1 MSH2
40503631;Detecção de mutações no gene MSH6
40503640;FLT3 pesquisa de mutações por PCR (cada)
40503658;Atrofia muscular e bulbar (Kennedy), por PCR
40503666;MPL W515 e MPL S505 análise mutacional
40503674;Mucolipidosis tipo 4 análise da mutação
40503682;FLT3 pesquisa de mutações por eletroforese capilar (cada)
40503690;Distrofia muscular (Duchenne), por PCR
40503704;"Células B painel de linfoma, Burkitt's -T(8;14); Folicular - T(14;14) e células de manto - T(11;14), FISH"
40503712;Pesquisa dea mutação 35delg da conexina
40503720;Identificação genética - exame de paternidade (cada pessoa)
40503739;Atrofia dentato-rubro-palido-luysiana, DRPLA, sangue total
40503747;Detecção de Niemann Pick tipo Cc
40503755;Detecção/tipagem herpes vírus 1/2 líquor
40503763;EGFR, pesquisa de mutação
40503771;K-RAS, pesquisa de mutação
40503780;BRAF, pesquisa de mutação
40503798;NRAS  PCR ou sequenciamento de Sanger  para mutações nos éxons 2,  3 e 4 do gene, no tumor
40503801;Sequenciamento de Nova Geração (NGS) - genes isolados, painéis e grandes regiões genômicas (inclui Captura, Amplificação e Sequenciamento)
40503810;Sequenciamento de Nova geração de todas as regiões codificadoras (éxons) de todo os genes do genoma  - Sequenciamento do Exoma (inclui Captura, Amplificação e Sequenciamento)
40503828;"Rearranjo PML/RARA  t(15;17) RQ-PCR (Quantitativo em tempo real)"
40503836;Mutação familial específica - PCR do loccus identificado
40503844;Mutação familial específica - Sequenciamento de Sanger do loccus identificado
40503852;ALK - pesquisa de mutação
40503860;Captura/Amplificação e subsequente sequenciamento de regiões genômicas DE ATÉ 20 KILOBASES DE DNA TUMORAL PARA ANÁLISE DE MUTAÇÕES SOMÁTICAS por qualquer técnica de sequenciamento (Sanger ou qualquer forma de sequenciamento de nova geração – NGS)
40503879;Captura/Amplificação e subsequente sequenciamento de regiões genômicas DE 20 KILOBASES A 1 MEGABASE DE DNA TUMORAL PARA ANÁLISE DE MUTAÇÕES SOMÁTICAS por qualquer técnica de sequenciamento (Sanger ou qualquer forma de sequenciamento de nova geração – NGS)
40503887;Captura/Amplificação e subsequente sequenciamento de regiões genômicas DE 1 MEGABASE A 30 MEGABASES DE DNA TUMORAL PARA ANÁLISE DE MUTAÇÕES SOMÁTICAS por qualquer técnica de sequenciamento (Sanger ou qualquer forma de sequenciamento de nova geração – NGS) 
40503895;"Captura/Amplificação e subsequente sequenciamento de regiões genômicas DE MAIS DE 30 MEGABASES DE DNA TUMORAL PARA ANÁLISE DE MUTAÇÕES SOMÁTICAS por qualquer técnica de sequenciamento (Sanger ou qualquer forma de sequenciamento de nova geração – NGS); INCLUI EXOMA TUMORAL"
40503909;Quantificação  de  proteína  beta  amilóide-42,  no  líquido  cefalorraquidiano  (LCR)
40503917;Quantificação de carga viral HIV-1 (HIV RNA) no líquido cefalorraquidiano (LCR)
40503925;Quantificação  de  proteína  Tau-fosforilada,  no  líquido  cefalorraquidiano  (LCR)
40503933;Quantificação de proteína Tau-Total, no líquido cefalorraquidiano (LCR)
40503941;Detecção  de  anticorpo  IgG  anti-HTLV-1/2  no  líquido  cefalorraquidiano  (LCR)
40503950;Painel multiplex infeccioso no líquor - painel com até 25 agentes
40601013;Procedimento diagnóstico peroperatório sem deslocamento do patologista
40601021;Procedimento diagnóstico peroperatório - peça adicional ou margem cirúrgica
40601030;Procedimento diagnóstico peroperatório com deslocamento do patologista
40601048;Necrópsia de adulto/criança e natimorto com suspeita de anomalia genética
40601056;Necrópsia de embrião/feto até 500 gramas
40601064;Microscopia eletrônica
40601072;Ato de coleta de PAAF de órgãos ou estruturas superficiais sem deslocamento do patologista
40601080;Ato de coleta de PAAF de órgãos ou estruturas profundas sem deslocamento do patologista
40601099;Ato de coleta de PAAF de órgãos ou estruturas superficiais com deslocamento do patologista
40601102;Ato de coleta de PAAF de órgãos ou estruturas profundas com deslocamento do patologista
40601110;"Procedimento diagnóstico em biópsia simples ""imprint"" e ""cell block"""
40601129;Procedimento diagnóstico citopatológico oncótico de líquidos e raspados cutâneos
40601137;Procedimento diagnóstico em citopatologia cérvico-vaginal oncótica
40601145;Procedimento diagnóstico em citologia hormonal seriado
40601153;Procedimento diagnóstico em revisão de lâminas ou cortes histológicos seriados
40601161;Procedimento diagnóstico em citologia hormonal isolada
40601170;Procedimento diagnóstico em painel de imunoistoquímica (duas a cinco reações)
40601188;Procedimento diagnóstico em reação imunoistoquímica isolada
40601196;Procedimento diagnóstico em fragmentos múltiplos de biópsias de mesmo órgão ou topografia, acondicionados em um mesmo frasco
40601200;Procedimento diagnóstico em peça anatômica ou cirúrgica simples
40601218;Procedimento diagnóstico em peça cirúrgica ou anatômica complexa
40601226;Procedimento diagnóstico em grupos de linfonodos, estruturas vizinhas e margens de peças anatômicas simples ou complexas (por margem) - máximo de três margens
40601234;Procedimento diagnóstico em amputação de membros - sem causa oncológica
40601242;Procedimento diagnóstico em amputação de membros - causa oncológica
40601250;Procedimento diagnóstico em lâminas de PAAF até 5
40601269;Coloração especial por coloração
40601277;Procedimento diagnóstico em imunofluorescência
40601285;"Procedimento diagnóstico em painel de hibridização ""in situ"""
40601293;Procedimento diagnóstico por captura híbrida
40601307;Procedimento diagnóstico em citometria de fluxo (por monoclonal pesquisado)
40601315;Procedimento diagnóstico em citometria de imagens
40601323;Procedimento diagnóstico citopatológico em meio líquido
40601331;Citológico anatomia patológica, qualquer material
40601340;Citológico em líquido ascítico
40601358;Citológico em líquido pericárdio
40601366;Citológico em líquido sinovial
40601374;Citológico em outros materiais
40601382;DNA citometria fluxo parafina - outros materiais
40601390;Imprint de gânglio
40601404;Imprint de medula óssea
40601412;AP bióspia múltiplas (até 6 áreas)
40601420;AP biópsia mútliplas (de 7 a 10 áreas)
40601439;Instabilidade de microssatélites (MSI), detecção por PCR, bloco de parafina
40602010;PD-L1 - Detecção por técnicas imunoistoquímicas
40701018;Angiografia radioisotópica
40701026;Cintilografia com hemácias marcadas
40701034;Cintilografia do miocárdio com duplo isótopo (perfusão + viabilidade)
40701042;Cintilografia do miocárdio com FDG-18 F, em câmara híbrida
40701050;Cintilografia do miocárdio necrose (infarto agudo)
40701069;Cintilografia do miocárdio perfusão - repouso
40701077;Cintilografia sincronizada das câmaras cardíacas - esforço
40701085;Cintilografia sincronizada das câmaras cardíacas - repouso
40701093;Fluxo sanguíneo das extremidades
40701107;"Quantificação de ""shunt"" da direita para a esquerda"
40701115;"Quantificação de ""shunt"" periférico"
40701123;Venografia radioisotópica
40701131;Cintilografia do miocárdio perfusão - estresse farmacológico
40701140;Cintilografia do miocárdio perfusão - estresse físico
40701158;Cintilografia de perfusão do miocárido, associada à Dobutamina
40702014;Cintilografia das glândulas salivares com ou sem estímulo
40702022;Cintilografia do fígado e do baço
40702030;Cintilografia do fígado e vias biliares
40702049;Cintilografia para detecção de hemorragia digestória ativa
40702057;Cintilografia para detecção de hemorragia digestória não ativa
40702065;Cintilografia para determinação do tempo de esvaziamento gástrico
40702073;Cintilografia para estudo de trânsito esofágico (líquidos)
40702081;Cintilografia para estudo de trânsito esofágico (semi-sólidos)
40702090;Cintilografia para pesquisa de divertículo de Meckel
40702103;Cintilografia para pesquisa de refluxo gastro-esofágico
40702111;Fluxo sanguíneo hepático (qualitativo e quantitativo)
40702120;Absorção de gorduras
40702138;Perdas proteicas
40702146;Cintilografia, receptores da Somatostatina com lutécio - 177
40703010;Cintilografia da tireóide e/ou captação (iodo - 123)
40703029;Cintilografia da tireóide e/ou captação (iodo - 131)
40703037;Cintilografia da tireóide e/ou captação (tecnécio - 99m TC)
40703045;Cintilografia das paratireóides
40703053;Cintilografia de corpo inteiro para pesquisa de metástases (PCI)
40703061;Teste de estímulo com TSH recombinante
40703070;Teste de supressão da tireóide com T3
40703088;Teste do perclorato
40703096;Cintilografia de corpo inteiro com metaiodobenzilguandina - iodo-123
40703100;Cintilografia de corpo inteiro com MIBI marcada com tecnécio - 99m
40704017;Cintilografia renal dinâmica
40704025;Cintilografia renal dinâmica com diurético
40704033;Cintilografia renal estática (quantitativa ou qualitativa)
40704041;Cintilografia testicular (escrotal)
40704050;Cistocintilografia direta
40704068;Cistocintilografia indireta
40704076;Determinação da filtração glomerular
40704084;Determinação do fluxo plasmático renal
40704092;Renograma
40705013;Cintilografia do sistema retículo-endotelial (medula óssea)
40705021;Demonstração do sequestro de hemácias pelo baço
40705030;Determinação da sobrevida de hemácias
40705048;Determinação do volume eritrocitário
40705056;Determinação do volume plasmático
40705064;Teste de absorção de vitamina B12 com cobalto - 57 (teste de Schilling)
40706010;Cintilografia óssea (corpo total)
40706028;Fluxo sanguíneo ósseo
40707016;Cintilografia cerebral
40707024;Cintilografia cerebral com FDG-18 F, em câmara hibrída
40707032;Cintilografia de perfusão cerebral
40707040;Cisternocintilografia (inclui estudo do trânsito liquórico)
40707059;Cisternocintilografia para pesquisa de fístula liquórica
40707067;Fluxo sanguíneo cerebral
40707075;Mielocintilografia
40707083;Ventrículo-cintilografia
40707091;Cintilografia perfusão cerebral para avaliação de transportadores de dopamina
40708012;Cintilografia com análogo de somatostatina
40708020;Cintilografia com gálio-67
40708039;Cintilografia com leucócitos marcados
40708047;Cintilografia com MIBG (metaiodobenzilguanidina)
40708055;Cintilografia de corpo total com FDG-18 F, em câmara híbrida
40708063;Cintilografia de mama (bilateral)
40708071;Demarcação radioisotópica de lesões tumorais
40708080;Detecção intraoperatória radioguiada de lesões tumorais
40708098;Detecção intraoperatória radioguiada de linfonodo sentinela
40708101;Linfocintilografia
40708110;Quantificação da captação pulmonar com gálio-67
40708128;PET dedicado oncológico
40708136;PET CT neurológico com FDG
40708144;Revisão de PET-CT por procedimento
40708152; Laudo Evolutivo de PET-CT por procedimento
40709019;Cintilografia para detecção de aspiração pulmonar
40709027;Cintilografia pulmonar (inalação)
40709035;Cintilografia pulmonar (perfusão)
40710017;Sessão médica para planejamento técnico de radioisotopoterapia
40710025;Tratamento com metaiodobenzilguanidina (MIBG)
40710033;Tratamento da policitemia vera
40710041;Tratamento de câncer da tireóide
40710050;Tratamento de hipertireoidismo-bócio nodular tóxico (Graves)
40710068;Tratamento de hipertireoidismo-bócio nodular tóxico (Plummer)
40710076;Tratamento de metástases ósseas (estrôncio-90)
40710084;Tratamento de metástases ósseas (samário-153)
40710092;Tratamento de tumores neuroendócrinos
40710106;Controle após terapia com lutécio
40710114;Tratamento de metástases ósseas com isótopos alfa emissor - planejamento e 1º dia de tratamento
40710122;Tratamento de metástases ósseas com isótopos alfa emissor - por dia de atendimento (até o início do próximo ciclo - intervalo de 4 a 8 semanas)
40711013;Dacriocintilografia
40711021;Imunocintilografia (anticorpos monoclonais)
40801012;RX - Crânio - 2 incidências
40801020;RX - Crânio - 3 incidências
40801039;RX - Crânio - 4 incidências
40801047;RX - Orelha, mastóides ou rochedos - bilateral
40801055;RX - Órbitas - bilateral
40801063;RX - Seios da face
40801071;RX - Sela túrcica
40801080;RX - Maxilar inferior
40801098;RX - Ossos da face
40801101;RX - Arcos zigomáticos ou malar ou apófises estilóides
40801110;RX - Articulação temporomandibular - bilateral
40801128;RX - Adenóides ou cavum
40801136;RX - Panorâmica de mandíbula (ortopantomografia)
40801144;RX - Teleperfil em cefalostato - sem traçado
40801152;RX - Teleperfil em cefalostato - com traçado
40801160;RX - Arcada dentária (por arcada)
40801179;RX - Radiografia peri-apical
40801187;RX - Radiografia oclusal
40801195;RX - Planigrafia linear de crânio ou sela túrcica ou face ou mastóide
40801209;RX - Incidência adicional de crânio ou face
40802019;RX - Coluna cervical - 3 incidências
40802027;RX - Coluna cervical - 5 incidências
40802035;RX - Coluna dorsal - 2 incidências
40802043;RX - Coluna dorsal - 4 incidências
40802051;RX - Coluna lombo-sacra - 3 incidências
40802060;RX - Coluna lombo-sacra - 5 incidências
40802078;RX - Sacro-coccix
40802086;RX - Coluna dorso-lombar para escoliose
40802094;RX - Coluna total para escoliose (telespondilografia)
40802108;RX - Planigrafia de coluna vertebral (dois planos)
40802116;RX - Incidência adicional de coluna
40803015;RX - Esterno
40803023;RX - Articulação esternoclavicular
40803031;RX - Costelas - por hemitórax
40803040;RX - Clavícula
40803058;RX - Omoplata ou escápula
40803066;RX - Articulação acromioclavicular
40803074;RX - Articulação escapuloumeral (ombro)
40803082;RX - Braço
40803090;RX - Cotovelo
40803104;RX - Antebraço
40803112;RX - Punho
40803120;RX - Mão ou quirodáctilo
40803139;RX - Mãos e punhos para idade óssea
40803147;RX - Incidência adicional de membro superior
40803155;RX - Escafóide
40804011;RX - Bacia
40804020;RX - Articulações sacroilíacas
40804038;RX - Articulação coxofemoral (quadril)
40804046;RX - Coxa
40804054;RX - Joelho
40804062;RX - Patela
40804070;RX - Perna
40804089;RX - Articulação tibiotársica (tornozelo)
40804097;RX - Pé ou pododáctilo
40804100;RX - Calcâneo
40804119;RX - Escanometria
40804127;RX - Panorâmica dos membros inferiores
40804135;RX - Incidência adicional de membro inferior
40805018;RX - Tórax - 1 incidência
40805026;RX - Tórax - 2 incidências
40805034;RX - Tórax - 3 incidências
40805042;RX - Tórax - 4 incidências
40805050;RX - Coração e vasos da base
40805069;RX - Planigrafia de tórax, mediastino ou laringe
40805077;RX - Laringe ou hipofaringe ou pescoço (partes moles)
40805085;RX - Abreugrafia 100 mm
40805093;RX - Abreugrafia 35 ou 70 mm
40806014;RX - Deglutograma
40806022;RX - Videodeglutograma
40806030;RX - Esôfago
40806049;RX - Estômago e duodeno
40806057;RX - Esôfago - hiato - estômago e duodeno
40806065;RX - Trânsito e morfologia do delgado
40806073;RX - Estudo do delgado com duplo contraste
40806081;RX - Clister ou enema opaco (duplo contraste)
40806090;RX - Defecograma
40806103;RX - Colangiografia intra-operatória
40806111;RX - Colangiografia pós-operatória (pelo dreno)
40806120;RX - Colangiografia pré-operatória
40806138;RX - Colangiografia venosa
40806146;RX - Colangiografia venosa com tomografias
40806154;RX - Colecistograma oral
40806162;RX - Colecistograma oral com prova motora
40806170;RX - Duodenografia hipotônica
40806189;RX - Trânsito colônico
40806197;RX - Colangiografia endoscópica
40806200;RX - Videodefecograma
40806219;RX - Videodefecograma com manometria anorretal
40807010;RX - Urografia venosa com bexiga pré e pós-miccional
40807029;RX - Pielografia ascendente
40807037;RX - Urografia venosa minutada 1-2-3
40807045;RX - Urografia venosa com nefrotomografia
40807053;RX - Uretrocistografia de adulto
40807061;RX - Uretrocistografia de criança (até 12 anos)
40807070;RX - Tomografia renal sem contraste
40807088;RX - Pênis
40807096;RX - Uretrocistografia retrógada
40807100;RX - Nefrograma, basal e após captopril
40808017;RX - Abdome simples
40808025;RX - Abdome agudo
40808033;Mamografia convencional bilateral
40808041;Mamografia digital bilateral
40808050;RX - Ampliação ou magnificação de lesão mamária
40808114;RX - Esqueleto (incidências básicas de: crânio, coluna, bacia e membros)
40808122;Densitometria óssea (um segmento)
40808130;Densitometria óssea - rotina: coluna e fêmur (ou dois segmentos)
40808149;Densitometria óssea - corpo inteiro (avaliação de massa óssea ou de composição corporal)
40808157;RX - Avaliação de fraturas vertebrais por DXA
40808165;Planigrafia de osso
40808173;Xeromamografia
40808181;Biópsia de mama, dirigida por RM
40808190;Marcação pré-cirúrgica por nódulo - máximo de 3 nódulos por mama, por estereotaxia (não inclui exame de imagem)
40808203;Marcação pré-cirúrgica por nódulo - máximo de 3 nódulos por mama, por US (não inclui exame de imagem)
40808211;Marcação pré-cirúrgica por nódulo - máximo de 3 nódulos por mama, por RM (não inclui exame de imagem)
40808220;Punção ou biópsia mamária percutânea por agulha fina orientada por estereotaxia (não inclui o exame de base)
40808238;Punção ou biópsia mamária percutânea por agulha fina orientada por US (não inclui o exame de base)
40808246;Punção ou biópsia mamária percutânea por agulha fina orientada por TC (não inclui o exame de base)
40808254;Biópsia percutânea de fragmento mamário por agulha grossa (core biopsy) orientada por estereotaxia (não inclui o exame de imagem)
40808262;Biópsia percutânea de fragmento mamário por agulha grossa (core biopsy) orientada por US (não inclui o exame de imagem)
40808270;Biópsia percutânea de fragmento mamário por agulha grossa (core biopsy) orientada por RM (não inclui o exame de imagem)
40808289;Mamotomia por estereotaxia (não inclui o exame de imagem)
40808297;Mamotomia por US (não inclui o exame de imagem)
40808300;Mamotomia por RM (não inclui o exame de imagem)
40808319;Colocação de clipes(s) pré QT neoadjuvante em axila – cada lado (não inclui o exame de base)
40808327;Colocação de clipes(s) pré QT neoadjuvante em mama – cada lado (não inclui o exame de base)
40808335;Revisão de Mamografia por procedimento
40808343;Revisão de Densitometria óssea por procedimento
40808351;Revisão de Raio X por procedimento
40808360; Laudo Evolutivo de Mamografia por procedimento
40808378; Laudo Evolutivo de Densitometria Óssea por procedimento
40808386;Laudo Evolutivo de Raio X por procedimento
40809021;Sialografia (por glândula)
40809030;Histerossalpingografia
40809048;Artrografia ou pneumoartrografia
40809056;Fistulografia
40809064;Colangiografia transcutânea
40809072;Colangiopancreatografia retrógrada
40809080;Dacriocistografia
40809102;Drenagem percutânea orientada por RX (acrescentar o exame de base)
40809110;Broncografia (por punção ou entubação traqueal)
40809129;Broncografia unilateral
40809137;Pneumoperitônio (RX)
40809145;Colocação de marcador de local da intervenção
40809153;Punção biópsia/aspirativa de órgão ou estrutura superficial orientada por RX (não inclui o exame de base)
40809161;Punção biópsia/aspirativa de órgão ou estrutura superficial orientada por US (não inclui o exame de base)
40809170;Punção biópsia/aspirativa de órgão ou estrutura superficial orientada por TC (não inclui o exame de base)
40809188;Punção biópsia/aspirativa de órgão ou estrutura superficial orientada por RM (não inclui o exame de base)
40809196;Punção biópsia/aspirativa de órgão ou estrutura profunda orientada por RM (não inclui o exame de base)
40809200;Punção biópsia/aspirativa de órgão ou estrutura profunda orientada por RX (não inclui o exame de base)
40809218;Punção biópsia/aspirativa de órgão ou estrutura profunda orientada por TC (não inclui o exame de base)
40809226;Punção biópsia/aspirativa de órgão ou estrutura profunda orientada por US (não inclui o exame de base)
40810011;Mielografia segmentar (por segmento)
40810020;Teste de oclusão de artéria carótida ou vertebral
40810038;Colheita seletiva de sangue para dosagem hormonal
40810046;Avaliação hemodinâmica por cateterismo (aferimento de pressão ou fluxo arterial ou venoso)
40811018;Radioscopia diagnóstica
40811026;Radioscopia para acompanhamento de procedimento cirúrgico (por hora ou fração)
40812014;Aortografia abdominal por punção translombar
40812022;Angiografia por punção
40812030;Angiografia por cateterismo não seletivo de grande vaso
40812049;Angiografia por cateterismo seletivo de ramo primário - por vaso
40812057;Angiografia por cateterismo superseletivo de ramo secundário ou distal - por vaso
40812065;Angiografia transoperatória de posicionamento
40812073;Angiografia pós-operatória de controle
40812081;Flebografia por punção venosa unilateral
40812090;Flebografia retrógrada por cateterismo - unilateral
40812103;Portografia trans-hepática
40812111;Esplenoportografia percutânea
40812120;Linfangioadenografia unilateral
40812138;Cavernosografia
40812146;Fármaco-cavernosografia (dinâmica)
40812154;Angiografia Medular
40812162;"Cone beam CT ou Tomografia Computadorizada em ""Feixe Cônico"" intra operatória"
40813010;Ablação percutânea de tumor torácico (qualquer método)
40813029;Ablação percutânea de tumor hepático (qualquer método) - metodo intervencionista/terapêutico por imagem
40813037;Ablação percutânea de tumor ósseo (qualquer método)
40813045;Ablação percutânea de tumor (qualquer método)
40813053;Alcoolização percutânea de angioma
40813061;Angioplastia de ramo intracraniano
40813070;Angioplastia de tronco supra-aórtico
40813088;Angioplastia de aorta para tratamento de coarctação
40813100;Angioplastia de artéria visceral - por vaso
40813118;Angioplastia arterial ou venosa de anastomose vascular de fígado transplantado
40813126;Angioplastia renal para tratamento de hipertensão renovascular ou outra condição
40813134;Angioplastia arterial ou venosa de anastomose vascular de rim transplantado
40813142;Angioplastia de ramos hipogástricos para tratamento de impotência
40813150;Angioplastia de tronco venoso
40813169;Angioplastia venosa para tratamento de síndrome de BUDD-CHIARI
40813177;Angioplastia transluminal percutânea
40813185;Angioplastia transluminal percutânea para tratamento de obstrução arterial
40813193;Colocação de stent em ramo intracraniano
40813207;Colocação de stent em tronco supra-aórtico
40813215;Colocação de stent aórtico
40813223;Colocação de stent para tratamento de síndrome de VCI
40813231;Colocação de cateter venoso central ou portocath
40813240;Colocação de filtro de VCI para prevenção de TEP
40813258;Colocação de stent em artéria visceral - por vaso
40813266;Colocação de stent para tratamento de obstrução arterial ou venosa
40813274;Colocação de stent revestido (stent-graft) para tratamento de aneurisma periférico
40813282;Colocação de stent revestido (stent-graft) para tratamento de fístula arteriovenosa
40813290;Colocação de stent em estenose vascular de enxerto transplantado
40813304;Colocação de stent em traquéia ou brônquio
40813312;Colocação de stent esofagiano, duodenal ou colônico
40813320;Colocação de stent biliar
40813339;Colocação de stent renal
40813347;Colocação percutânea de cateter pielovesical
40813355;Colocação percutânea de stent vascular
40813363;Coluna vertebral: infiltração foraminal ou facetária ou articular
40813371;Dilatação percutânea de estenose biliar cicatricial
40813380;Dilatação percutânea de estenose de conduto urinário
40813398;Dilatação percutânea de estenose de ducto pancreático
40813401;Aterectomia percutânea orientada por RX
40813410;Drenagem percutânea de coleção pleural
40813428;Drenagem percutânea de pneumotórax
40813436;Drenagem de abscesso pulmonar ou mediastinal
40813444;Drenagem mediastinal orientada por RX ou TC
40813452;Drenagem percutânea de coleção infectada abdominal
40813460;Drenagem percutânea de abscesso hepático ou pancreático
40813479;Drenagem percutânea de cisto hepático ou pancreático
40813487;Drenagem percutânea de via biliar
40813495;Drenagem percutânea de cisto renal
40813509;Drenagem percutânea de abscesso renal
40813517;Drenagem percutânea de coleção infectada profunda
40813525;Drenagem percutânea de abscesso retroperitoneal ou pélvico
40813533;Drenagem percutânea não especificada
40813541;Embolização de aneurisma cerebral por oclusão sacular - por vaso
40813550;Embolização de aneurisma cerebral por oclusão vascular - por vaso
40813568;Embolização de malformação arteriovenosa cerebral ou medular - por vaso
40813576;Embolização de fístula arteriovenosa em cabeça, pescoço ou coluna - por vaso
40813584;Embolização para tratamento de epistaxe
40813592;Embolização de aneurisma ou pseudoaneurisma visceral
40813606;Embolização brônquica para tratamento de hemoptise
40813614;Embolização pulmonar para tratamento de fístula arteriovenosa ou outra situação
40813622;Embolização de varizes esofagianas ou gástricas
40813630;Embolização de hemorragia digestiva
40813649;Embolização de ramo portal
40813657;Embolização esplênica para tratamento de hiperesplenismo ou outra situação
40813665;Embolização arterial para tratamento de priapismo
40813673;Embolização para tratamento de impotência
40813681;Embolização de ramos hipogástricos para tratamento de sangramento ginecológico
40813690;Embolização seletiva de fístula ou aneurisma renal para tratamento de hematúria
40813703;Embolização de artéria renal para nefrectomia
40813711;Embolização de fístula arteriovenosa não especificada acima - por vaso
40813720;Embolização de malformação vascular - por vaso
40813738;Embolização de pseudoaneurisma - por vaso
40813746;Embolização de artéria uterina para tratamento de mioma ou outras situações
40813754;Embolização de veia espermática para tratamento de varicocele
40813762;Embolização de veias ovarianas para tratamento de varizes pélvicas
40813770;Embolização definitiva não especificada acima - por vaso
40813789;Embolização de tumor de cabeça e pescoço
40813797;Embolização de tumor do aparelho digestivo
40813800;Embolização de tumor ósseo ou de partes moles
40813819;Embolização de tumor não especificado
40813827;Traqueotomia percutânea orientada por RX ou TC
40813835;Gastrostomia percutânea orientada por RX ou TC
40813843;Colecistostomia percutânea orientada por RX, US ou TC
40813851;Esclerose percutânea de cisto pancreático
40813860;Celostomia percutânea orientada por RX ou TC
40813878;Nefrostomia percutânea orientada por RX, US, TC ou RM
40813886;Pielografia percutânea orientada por RX, US, TC ou RM
40813894;Exérese percutânea de tumor benigno orientada por RX, US, TC ou RM
40813908;Quimioterapia por cateter de tumor de cabeça e pescoço
40813916;Quimioembolização para tratamento de tumor hepático
40813924;Quimioterapia por cateter intra-arterial
40813932;TIPS - anastomose porto-cava percutânea para tratamento de hipertensão portal
40813940;Implante de endoprótese em aneurisma de aorta abdominal ou torácica com stent revestido (stent-graft)
40813959;Implante de endoprótese em dissecção de aorta abdominal ou torácica com stent revestido (stent-graft)
40813967;Tratamento de pseudoaneurisma por compressão com US-Doppler
40813975;Tratamento do vasoespasmo pós-trauma
40813983;Trombectomia mecânica para tratamento de TEP
40813991;Trombectomia mecânica venosa
40814017;Trombectomia medicamentosa para tratamento de TEP
40814025;Trombólise medicamentosa arterial ou venosa - por vaso
40814033;Trombólise medicamentosa arterial ou venosa para tratamento de isquemia mesentérica
40814041;Trombólise medicamentosa em troncos supra-aórticos e intracranianos
40814050;Repermeabilização tubária para tratamento de infertilidade
40814068;Retirada percutânea de cálculos biliares orientada por RX, US ou TC
40814076;Retirada percutânea de cálculos renais orientada por RX, US ou TC
40814084;Retirada percutânea de corpo estranho intravascular
40814092;Osteoplastia ou discectomia percutânea (vertebroplastia e outras)
40814106;Discografia
40814114;Litotripsia mecânica de cálculos renais orientada por RX ou US
40814122;Trituração de calcificação tendínea orientada por RX ou US
40814130;Sinusografia (abscessografia)
40814149;Paracentese orientada por RX ou US
40814157;Manipulação de drenos pós-drenagem (orientada por RX, TC, US ou RM)
40814165;Esclerose percutânea de nódulos benignos dirigida por RX, US, TC ou RM
40814173;Escleroterapia de cistos (renais, hepáticos, ovarianos), orientada por imagem
40814181;Ablação percutânea de tumor renal (qualquer método) 
40814190;Embolização das artérias prostáticas, por vaso 
40814203;Neurólise de plexo nervoso guiado por tomografia computadorizada
40814211;Radioembolização hepática
40814220;Trombectomia no acidente vascular cerebral AVC isquêmico agudo
40814238;Termoablação para nódulos benignos de tireoide
40901017;US - Globo ocular - bilateral
40901025;US - Globo ocular com Doppler colorido - bilateral
40901033;US - Glândulas salivares (todas)
40901041;US - Torácico extracardíaco
40901050;Ecodopplercardiograma com contraste intracavitário
40901068;Ecodopplercardiograma com contraste para perfusão miocárdica - em repouso
40901076;Ecodopplercardiograma com estresse farmacológico
40901084;Ecodopplercardiograma fetal com mapeamento de fluxo em cores - por feto
40901092;Ecodopplercardiograma transesofágico (inclui transtorácico)
40901106;Ecodopplercardiograma transtorácico
40901114;US - Mamas
40901122;US - Abdome total (abdome superior, rins, bexiga, aorta, veia cava inferior e adrenais)
40901130;US - Abdome superior (fígado, vias biliares, vesícula, pâncreas e baço)
40901149;US - Retroperitônio (grandes vasos ou adrenais)
40901173;US - Abdome inferior masculino (bexiga, próstata e vesículas seminais)
40901181;US - Abdome inferior feminino (bexiga, útero, ovário e anexos)
40901190;US - Dermatológico - pele e subcutâneo
40901203;US - Órgãos superficiais (tireóide ou escroto ou pênis ou crânio)
40901211;US - Estruturas superficiais (cervical ou axila ou músculo ou tendão)
40901220;US - Articular (por articulação)
40901238;US - Obstétrica
40901246;US - Obstétrica com Doppler colorido
40901254;US - Obstétrica com translucência nucal
40901262;US - Obstétrica morfológica
40901270;US - Obstétrica gestação múltipla: cada feto
40901289;US - Obstétrica gestação múltipla com Doppler colorido: cada feto
40901297;US - Obstétrica 1º trimestre (endovaginal)
40901300;US - Transvaginal (útero, ovário, anexos e vagina)
40901319;US - Transvaginal para controle de ovulação (3 ou mais exames)
40901327;US - Histerossonografia
40901335;US - Próstata transretal (não inclui abdome inferior masculino)
40901351;Doppler colorido transfontanela
40901360;Doppler colorido de vasos cervicais arteriais bilateral (carótidas e vertebrais)
40901378;Doppler colorido de vasos cervicais venosos bilateral (subclávias e jugulares)
40901386;Doppler colorido de órgão ou estrutura isolada
40901394;Doppler colorido de aorta e artérias renais
40901408;Doppler colorido de aorta e ilíacas
40901416;Doppler colorido de artérias viscerais (mesentéricas superior e inferior e tronco celíaco)
40901424;Doppler colorido de hemangioma
40901432;Doppler colorido de veia cava superior ou inferior
40901440;Doppler colorido peniano com fármaco-indução
40901459;Doppler colorido arterial de membro superior - unilateral
40901467;Doppler colorido venoso de membro superior - unilateral
40901475;Doppler colorido arterial de membro inferior - unilateral
40901483;Doppler colorido venoso de membro inferior - unilateral
40901491;US - Tridimensional - acrescentar ao exame de base
40901505;US - Obstétrica: perfil biofísico fetal
40901513;Doppler colorido de artérias penianas (sem fármaco indução)
40901521;Ultrassonografia biomicroscópica - monocular
40901530;Ultrassonografia diagnóstica - monocular
40901548;Doppler convencional órgão/estrutura isolada
40901556;Ecocardiografia fetal gestação múltipla
40901564;Ecoencefalograma
40901572;Ultrassom com doppler abdôme total e pelve feminino
40901580;US - Estudo sonográfico dinâmico das vias urinárias (masculino)
40901599;US - Estudo sonográfico dinâmico das vias urinárias (feminino)
40901602;Doppler transcraniano
40901610;US - Crânio para criança
40901629;US - Ecodopplercardiograma com análise do sincronismo cardíaco
40901637;US - Ecocardiograma com Doppler convencional - artérias
40901645;US - Ecocardiograma com Doppler convencional - carótidas
40901653;US - Ecocardiograma com Doppler tecidual para ressincronização
40901661;US - Ecodoppler de carótidas
40901670;US - Prova de Boyden
40901688;US - Adicional de reconstrução 3D - ECO
40901696;US - Ecodopplercardiograma com estresse físico
40901700;Ecodopplercardiograma sob estresse físico ou farmacológico com contraste
40901718;Ecodopplercardiograma para ajuste de marca-passo
40901726;US - Neurossonografia fetal
40901734;US - Peça cirúgica
40901742;US - Transretal Radial
40901750;US - Próstata (via abdominal)
40901769;US - Aparelho urinário (rins, ureteres e bexiga)
40901777;Ecocardiograma transtorácico tridimensional
40901785;Ecocardiograma transesofágico tridimensional
40901793;Elastografia hepática ultrassônica
40901807;Ecocardiograma transtorácico com STRAIN bidirecional (inclui transtorácico)
40901815;US - Órgão ou estrutura isolada com contrate microbolhas
40901823;US - Vascular com contraste microbolhas
40901831;Elastografia por onda de cisalhamento (shear wave) da próstata dirigida por ultrassonografia modo B
40901840;Elastografia por onda de cisalhamento (shear wave) de estrutura superficial dirigida por ultrassonografia modo B (mama ou cervical ou axila ou músculo ou tendão ou tireóide)
40901858;US - Pesquisa de endometriose
40902013;US - Obstétrica: com amniocentese
40902021;US - Obstétrica 1º trimestre com punção: biópsia ou aspirativa
40902030;US - Próstata transretal com biópsia - até 8 fragmentos
40902048;US - Próstata transretal com biópsia - mais de 8 fragmentos
40902056;US - Intra-operatório
40902064;Doppler colorido intra-operatório
40902072;Ecodopplercardiograma transoperatório (transesofágico ou epicárdico) (1ª hora)
40902080;Ecodopplercardiograma transoperatório (transesofágico ou epicárdico) - por hora suplementar
40902110;Drenagem percutânea orientada por US (acrescentar o exame de base)
40902129;Redução de invaginação intestinal por enema, orientada por US (acrescentar o exame de base)
40902137;Monitorização por Doppler transcraniano
40902145;Ecodopplercardiograma intracardíaco
40903010;Laudo Evolutivo de Ultrassonografia por procedimento
41001010;TC - Crânio ou sela túrcica ou órbitas
41001028;TC - Mastóides ou orelhas
41001036;TC - Face ou seios da face
41001044;TC - Articulações temporomandibulares
41001052;TC - Dental (dentascan)
41001060;TC - Pescoço (partes moles, laringe, tireóide, faringe e glândulas salivares)
41001079;TC - Tórax
41001087;TC - Coração - para avaliação do escore de cálcio coronariano
41001095;TC - Abdome total (abdome superior, pelve e retroperitônio)
41001109;TC - Abdome superior
41001117;TC - Pelve ou bacia
41001125;TC - Coluna cervical ou dorsal ou lombo-sacra (até 3 segmentos)
41001133;TC - Coluna - segmento adicional
41001141;TC - Articulação (esternoclavicular ou ombro ou cotovelo ou punho ou sacroilíacas ou coxofemoral ou joelho ou tornozelo ou pé) - unilateral
41001150;TC - Segmento apendicular (braço ou antebraço ou mão ou coxa ou perna ou pé) - unilateral
41001176;Angiotomografia de aorta torácica
41001184;Angiotomografia de aorta abdominal
41001192;TC - Escanometria digital
41001206;TC - Reconstrução tridimensional de qualquer órgão ou estrutura - acrescentar ao exame de base
41001214;Endoscopia virtual de qualquer órgão ou estrutura por TC - acrescentar ao exame de base
41001222;TC para PET dedicado oncológico
41001230;TC - Angiotomografia coronariana
41001249;TC - Artérias de membro superior
41001257;TC - Cisternografia por tomografia
41001265;TC - Colonoscopia virtual
41001273;TC - Mandíbula
41001281;TC - Maxilar
41001290;PET-CT cardiológico
41001303;PET-CT infecção
41001311;PET-CT neurológico
41001320;TC - Tomossíntese digital mamária
41001338;TC - Radiocirurgia esterotáxica
41001346;TC - Multifase (dinâmica)
41001354;TC - Articular dinâmica
41001362;TC - Vias urinárias (Urotomografia)
41001370;Angiotomografia arterial de crânio
41001389;Angiotomografia venosa de crânio
41001397;Angiotomografia arterial de pescoço
41001400;Angiotomografia venosa de pescoço
41001419;Angiotomografia arterial de tórax
41001427;Angiotomografia venosa de tórax
41001435;Angiotomografia arterial de abdome superior
41001443;Angiotomografia venosa de abdome superior
41001451;Angiotomografia arterial de pelve
41001460;Angiotomografia venosa de pelve
41001478;Angiotomografia arterial de membro inferior
41001486;Angiotomografia venosa de membro inferior
41001494;Angiotomografia arterial de membro superior
41001508;Angiotomografia venosa de membro superior
41001516;Angiotomografia arterial pulmonar
41001524;Angiotomografia venosa pulmonar
41001532;TC para planejamento oncológico
41002016;Tomomielografia (até 3 segmentos) - acrescentar a TC da coluna e incluir a punção
41002032;Drenagem percutânea orientada por TC (acrescentar o exame de base)
41002040;TC - Punção para introdução de contraste (acrescentar o exame de base)
41002059;Artro-TC (estemoclavicular ou ombro ou cotovelo ou punho ou sacroilíaca ou coxofemoral ou joelho ou tornozelo ou pé) - unilateral
41003012;Revisão de Tomografia Computadorizada por procedimento
41003020; Laudo Evolutivo de Tomografia Computadorizada por procedimento
41101014;RM - Crânio (encéfalo)
41101022;RM - Sela túrcica (hipófise)
41101030;RM - Base do crânio
41101049;Estudo funcional (mapeamento cortical por RM)
41101057;Perfusão cerebral por RM
41101065;Espectroscopia por RM
41101073;RM - Órbita bilateral
41101081;RM - Ossos temporais bilateral
41101090;RM - Face (inclui seios da face)
41101103;RM - Articulação temporomandibular (bilateral)
41101111;RM - Pescoço (nasofaringe, orofaringe, laringe, traquéia, tireóide, paratireóide)
41101120;RM - Tórax (mediastino, pulmão, parede torácica)
41101138;RM - Coração - morfológico e funcional
41101146;RM - Coração - morfológico e funcional + perfusão + estresse
41101154;RM - Coração - morfológico e funcional + perfusão + viabilidade miocárdica
41101170;RM - Abdome superior (fígado, pâncreas, baço, rins, supra-renais, retroperitônio)
41101189;RM - Pelve (não inclui articulações coxofemorais)
41101197;RM - Fetal
41101200;RM - Pênis
41101219;RM - Bolsa escrotal
41101227;RM - Coluna cervical ou dorsal ou lombar
41101235;RM - Fluxo liquórico (como complementar)
41101243;RM - Plexo braquial (desfiladeiro torácico) ou lombossacral (não inclui coluna cervical ou lombar)
41101251;RM - Membro superior unilateral (não inclui mão e articulações)
41101260;RM - Mão (não inclui punho)
41101278;RM - Bacia (articulações sacroilíacas)
41101286;RM - Coxa (unilateral)
41101294;RM - Perna (unilateral)
41101308;RM - Pé (antepé) - não inclui tornozelo
41101316;RM - Articular (por articulação)
41101332;Angio-RM de aorta torácica
41101340;Angio-RM de aorta abdominal
41101359;Hidro-RM (colângio-RM ou uro-RM ou mielo-RM ou sialo-RM ou cistografia por RM)
41101375;Endoscopia virtual por RM - acrescentar ao exame de base
41101383;RM - Reconstrução tridimensional - acrescentar ao exame de base
41101430;RM - Avaliação de ferro (coração ou fígado)
41101448;RM - Tractografia
41101456;RM - Difusão por RM
41101464;RM - Multiparamétrica transretal da próstata
41101472;RM - Planejamento
41101480;RM - Mama (bilateral)
41101499;Angio-RM arterial pulmonar
41101502;Angio-RM venosa pulmonar
41101510;Angio-RM arterial de abdome superior
41101529;Angio-RM venosa de abdome superior
41101537;Angio-RM arterial de crânio
41101545;Angio-RM venosa de crânio
41101553;Angio-RM arterial de membro inferior (unilateral)
41101561;Angio-RM venosa de membro inferior (unilateral)
41101570;Angio-RM arterial de membro superior (unilateral)
41101588;Angio-RM venosa de membro superior (unilateral)
41101596;Angio-RM arterial de pelve
41101600;Angio-RM venosa de pelve
41101618;Angio-RM arterial de pescoço
41101626;Angio-RM venosa de pescoço
41101634;RM - Endorretal
41101642;RM - Endovaginal
41101650;RM - Neuronavegador
41101669;RM para planejamento oncológico
41102010;Artro-RM (incluir a punção articular) - por articulação
41103017;Revisão da Ressonância Magnética por procedimento
41103025;Laudo Evolutivo de Ressonância Magnética por procedimento
41301013;Angiofluoresceinografia - monocular
41301021;Angiografia com indocianina verde - monocular
41301030;Avaliação órbito-palpebral-exoftalmometria - binocular
41301048;Bioimpedanciometria (ambulatorial) exame
41301056;Biópsia do vilo corial
41301064;Calorimetria indireta (ambulatorial) exame
41301072;Campimetria manual - monocular
41301080;Ceratoscopia computadorizada - monocular
41301099;Coleta de material cérvico-vaginal
41301102;Colposcopia (cérvice uterina e vagina)
41301110;Cordocentese
41301129;Curva tensional diária - binocular
41301137;Dermatoscopia (por lesão)
41301145;Ereção fármaco-induzida
41301153;Estéreo-foto de papila - monocular
41301161;Estesiometria (por membro)
41301170;Avaliação de vias lacrimais (Teste de Schirmer) - monocular
41301188;Exame a fresco do conteúdo vaginal e cervical
41301200;Exame de motilidade ocular (teste ortóptico) - binocular
41301218;Exame micológico - cultura e identificação de colônia
41301226;Exame micológico direto (por local)
41301234;Fotodermatoscopia (por lesão)
41301242;Gonioscopia - binocular
41301250;Mapeamento de retina (oftalmoscopia indireta) - monocular
41301269;Microscopia especular de córnea - monocular
41301277;Oftalmodinamometria - monocular
41301285;Peniscopia (inclui bolsa escrotal)
41301307;Potencial de acuidade visual - monocular
41301315;Retinografia (só honorário) monocular
41301323;Tonometria - binocular
41301331;Tricograma
41301340;Urodinâmica completa
41301358;Urofluxometria
41301366;Visão subnormal - monocular
41301374;Vulvoscopia (vulva e períneo)
41301382;Capilaroscopia periungueal
41301390;Coleta de raspado dérmico em lesões e sítios específicos para baciloscopia
41301404;Avaliação da função muscular por movimento manual (por membro)
41301412;Calorimetria direta
41301420;Biomicroscopia de fundo
41301439;Fundoscopia sob medríases - binocular
41301447;Glare (BAT) - binocular
41301455;Olfatometria
41301463;Triagem auditiva neonatal/infantil
41301471;Teste do reflexo vermelho em recém nato (teste do olhinho)
41301480;Ceratoscopia computadorizada da córnea por orbscan, olho
41301498;Exame neuro oftalmlógico
41301510;Topografia do disco óptico - HRT - binocular
41301528;Cauterização de alta frequência em sistema genital e reprodutor feminino
41301536;Colposcopia anal
41301544;Colposcopia por vídeo
41301552;Vulvoscopia por vídeo
41301560;Campimetria blue-yellow (perimetria azul amarelo)
41301579;Tonometria - binocular - indicação específica
41301587;Gonioscopia - binocular - indicação específica
41301595;Mapeamento de retina - monocular - indicação específica
41401018;Avaliação da função muscular (por movimento) com equipamento informatizado (isocinético)
41401026;Avaliação da função muscular (por movimento) com equipamento mecânico (dinamometria/módulos de cargas)
41401042;Prova de auto-rotação cefálica
41401050;Prova de Lombard
41401069;Provas imuno-alérgicas para bactérias (por antígeno)
41401077;Provas imuno-alérgicas para fungos (por antígeno)
41401085;Teste da histamina (duas áreas testadas)
41401093;Teste de adaptação patológica (tone decay test)
41401107;Teste de broncoprovocação
41401115;Teste de caminhada de 6 minutos
41401123;Teste de desempenho anaeróbico em laboratório (T. de Wingate)
41401131;Teste de equilíbrio peritoneal (PET)
41401140;Teste de exercício dos 4 segundos
41401158;Teste de exercício em ergômetro   com  determinação  do lactato sanguíneo
41401166;Teste de exercício em ergômetro com   realização  de gasometria arterial
41401174;Teste de exercício em ergômetro com  monitorização  da frequência cardíaca
41401182;Teste de exercício em ergômetro com  monitorização  do eletrocardiograma
41401190;Teste de exercício em ergômetro com medida de gases expirados (teste cardiopulmonar de exercício) com qualquer ergômetro
41401204;Teste de exercício em ergômetro com medida de gases expirados e eletrocardiograma
41401212;Teste de glicerol (com audiometria tonal limiar pré e pós)
41401220;Teste de glicerol (com eletrococleografia pré e pós)
41401239;Teste de Hilger para paralisia facial
41401247;Teste de Huhner
41401255;Teste de Mitsuda
41401263;Teste de prótese auditiva
41401271;Teste de sensibilidade de contraste ou de cores - monocular
41401280;Teste de SISI
41401298;Teste para broncoespasmo de exercício
41401301;Teste provocativo para glaucoma - binocular
41401310;Testes aeróbicos em campo com determinação do lactato sanguíneo
41401328;Testes aeróbicos em campo com medida de gases expirados
41401336;Testes aeróbicos em campo com telemetria da frequência cardíaca
41401344;Testes anaeróbicos em campo com determinação do lactato sanguíneo
41401352;Testes anaeróbicos em campo sem determinação do lactato sanguíneo
41401360;Testes cutâneo-alérgicos para alérgenos da poeira
41401379;Testes cutâneo-alérgicos para alimentos
41401387;Testes cutâneo-alérgicos para fungos
41401395;Testes cutâneo-alérgicos para insetos hematófagos
41401409;Testes cutâneo-alérgicos para pólens
41401417;Testes de aptidão em laboratório (agilidade, equilíbrio, tempo de reação e coordenação)
41401425;Testes de contato - até 30 substâncias
41401433;Testes de contato - por substância, acima de 30
41401441;Testes de contato por fotossensibilização - até 30 substâncias
41401450;Testes de contato por fotossensibilização - por substância, acima de 30
41401468;Testes do desenvolvimento (escala de Denver e outras)
41401476;Testes vestibulares, com prova calórica, com eletronistagmografia
41401484;Testes vestibulares, com prova calórica, sem eletronistagmografia
41401492;Testes vestibulares, com vecto-eletronistagmografia
41401514;Oximetria não invasiva
41401522;Teste cutâneo-alérgicos para látex
41401530;Teste cutâneo-alérgicos Epitelis de Animais
41401549;Teste de monitorização contínua da glicose (TMCG)
41401557;Repertorização
41401573;Estudo cito-alergológico (ECA)
41401581;Teste de Heald
41401590;Teste de imagens
41401603;Teste de Teller - binocular
41401611;Teste de Wepmann
41401620;Teste sensibilidade ao sal
41401638;Teste suplementar de sensibilidade
41401646;Testes cutâneos de contato (patch tests)
41401654;Teste de fluxo salivar
41401662;"Teste de estimulação muscúlo-esquelética ""in vitro"" (mínimo seis)"
41401670;Teste de fibronectina fetal - indicador bioquímico para parto prematuro
41401689;Metabolismo de repouso
41401697;Estudo da halitose
41401700;Teste de Wada
41401719;Teste rápido para detecção da PAMG-1 para diagnóstico de ruptura de membranas fetais
41401743;Teste de integridade do implante coclear unilateral
41401751;Teste de contato bateria cosméticos
41401760;Teste de contato bateria regional
41401778;Teste de contato bateria capilar
41401786;Teste de contato bateria unhas
41401794;Teste de contato bateria medicamentos/corticoides
41401808;Teste de contato bateria agentes ocupacionais
41501012;Biometria ultrassônica - monocular
41501020;Cavernosometria
41501047;Dopplermetria dos cordões espermáticos
41501063;Investigação ultrassônica com registro gráfico (qualquer área)
41501071;Investigação ultrassônica com teste de stress e com registro gráfico
41501080;Investigação ultrassônica com teste de stress e sem registro gráfico
41501098;Investigação ultrassônica com teste de stress em esteira e com registro gráfico
41501101;Investigação ultrassônica sem registro gráfico (qualquer área)
41501110;Medida de índice de artelhos com registro gráfico
41501128;Paquimetria ultrassônica - monocular
41501136;Termometria cutânea (por lateralidade: pescoço, membros, bolsa escrotal, por território peniano)
41501144;Tomografia de coerência óptica - monocular
41501179;Fotopletismografia (venosa ou arterial) por lateralidade ou segmento
41501187;Medida de pressão segmentar (nos quatro segmentos)
41501195;Pletismografia (qualquer tipo) por lateralidade ou território
41501209;Medida de pressão hepática
41501217;Injeção intracavernosa
41501225;Oximetria arterial, perfil
41501233;Oximetria venosa, perfil
41501241;Perfil de pressão uretral
41501250;Pressão intra abdominal urológica
41501268;Pressão arterial peniana
41501276;Biometria óptica 
41501284;Tomografia por impedância elétrica do tórax
41501292;Titulação da PEEP decremental orientada por tomografia por impedância elétrica
41501306;Perfusão pulmonar por tomografia por impedância elétrica
41501314;Angiografia de grande angular (AGA)
41501322;Angiotomografia ocular (ATO)
41501330;Paquimetria ultrassônica - monocular - indicação específica
41501349;Biometria ultrassônica (Ecobiometria) - monocular - indicação específica